GroupId,Set,Color,CardCount,SourceDir,TestProject,GoalId
AD1/Black,AD1,Black,1,src/HeadlessDCGO.Engine/Assets/Scripts/CardEffect/AD1/Black,CardEffect.AD1.Black.Tests,CARDS-AD1-Black
AD1/Blue,AD1,Blue,8,src/HeadlessDCGO.Engine/Assets/Scripts/CardEffect/AD1/Blue,CardEffect.AD1.Blue.Tests,CARDS-AD1-Blue
AD1/Green,AD1,Green,1,src/HeadlessDCGO.Engine/Assets/Scripts/CardEffect/AD1/Green,CardEffect.AD1.Green.Tests,CARDS-AD1-Green
AD1/Purple,AD1,Purple,1,src/HeadlessDCGO.Engine/Assets/Scripts/CardEffect/AD1/Purple,CardEffect.AD1.Purple.Tests,CARDS-AD1-Purple
AD1/Red,AD1,Red,10,src/HeadlessDCGO.Engine/Assets/Scripts/CardEffect/AD1/Red,CardEffect.AD1.Red.Tests,CARDS-AD1-Red
AD1/Yellow,AD1,Yellow,4,src/HeadlessDCGO.Engine/Assets/Scripts/CardEffect/AD1/Yellow,CardEffect.AD1.Yellow.Tests,CARDS-AD1-Yellow
BT1/Blue,BT1,Blue,22,src/HeadlessDCGO.Engine/Assets/Scripts/CardEffect/BT1/Blue,CardEffect.BT1.Blue.Tests,CARDS-BT1-Blue
BT1/Green,BT1,Green,23,src/HeadlessDCGO.Engine/Assets/Scripts/CardEffect/BT1/Green,CardEffect.BT1.Green.Tests,CARDS-BT1-Green
BT1/Red,BT1,Red,22,src/HeadlessDCGO.Engine/Assets/Scripts/CardEffect/BT1/Red,CardEffect.BT1.Red.Tests,CARDS-BT1-Red
BT1/White,BT1,White,1,src/HeadlessDCGO.Engine/Assets/Scripts/CardEffect/BT1/White,CardEffect.BT1.White.Tests,CARDS-BT1-White
BT1/Yellow,BT1,Yellow,20,src/HeadlessDCGO.Engine/Assets/Scripts/CardEffect/BT1/Yellow,CardEffect.BT1.Yellow.Tests,CARDS-BT1-Yellow
BT2/Black,BT2,Black,17,src/HeadlessDCGO.Engine/Assets/Scripts/CardEffect/BT2/Black,CardEffect.BT2.Black.Tests,CARDS-BT2-Black
BT2/Blue,BT2,Blue,15,src/HeadlessDCGO.Engine/Assets/Scripts/CardEffect/BT2/Blue,CardEffect.BT2.Blue.Tests,CARDS-BT2-Blue
BT2/Green,BT2,Green,12,src/HeadlessDCGO.Engine/Assets/Scripts/CardEffect/BT2/Green,CardEffect.BT2.Green.Tests,CARDS-BT2-Green
BT2/Purple,BT2,Purple,19,src/HeadlessDCGO.Engine/Assets/Scripts/CardEffect/BT2/Purple,CardEffect.BT2.Purple.Tests,CARDS-BT2-Purple
BT2/Red,BT2,Red,13,src/HeadlessDCGO.Engine/Assets/Scripts/CardEffect/BT2/Red,CardEffect.BT2.Red.Tests,CARDS-BT2-Red
BT2/White,BT2,White,2,src/HeadlessDCGO.Engine/Assets/Scripts/CardEffect/BT2/White,CardEffect.BT2.White.Tests,CARDS-BT2-White
BT2/Yellow,BT2,Yellow,13,src/HeadlessDCGO.Engine/Assets/Scripts/CardEffect/BT2/Yellow,CardEffect.BT2.Yellow.Tests,CARDS-BT2-Yellow
BT3/Black,BT3,Black,13,src/HeadlessDCGO.Engine/Assets/Scripts/CardEffect/BT3/Black,CardEffect.BT3.Black.Tests,CARDS-BT3-Black
BT3/Blue,BT3,Blue,9,src/HeadlessDCGO.Engine/Assets/Scripts/CardEffect/BT3/Blue,CardEffect.BT3.Blue.Tests,CARDS-BT3-Blue
BT3/Green,BT3,Green,14,src/HeadlessDCGO.Engine/Assets/Scripts/CardEffect/BT3/Green,CardEffect.BT3.Green.Tests,CARDS-BT3-Green
BT3/Purple,BT3,Purple,13,src/HeadlessDCGO.Engine/Assets/Scripts/CardEffect/BT3/Purple,CardEffect.BT3.Purple.Tests,CARDS-BT3-Purple
BT3/Red,BT3,Red,12,src/HeadlessDCGO.Engine/Assets/Scripts/CardEffect/BT3/Red,CardEffect.BT3.Red.Tests,CARDS-BT3-Red
BT3/White,BT3,White,1,src/HeadlessDCGO.Engine/Assets/Scripts/CardEffect/BT3/White,CardEffect.BT3.White.Tests,CARDS-BT3-White
BT3/Yellow,BT3,Yellow,9,src/HeadlessDCGO.Engine/Assets/Scripts/CardEffect/BT3/Yellow,CardEffect.BT3.Yellow.Tests,CARDS-BT3-Yellow
BT4/Black,BT4,Black,13,src/HeadlessDCGO.Engine/Assets/Scripts/CardEffect/BT4/Black,CardEffect.BT4.Black.Tests,CARDS-BT4-Black
BT4/Blue,BT4,Blue,16,src/HeadlessDCGO.Engine/Assets/Scripts/CardEffect/BT4/Blue,CardEffect.BT4.Blue.Tests,CARDS-BT4-Blue
BT4/Green,BT4,Green,13,src/HeadlessDCGO.Engine/Assets/Scripts/CardEffect/BT4/Green,CardEffect.BT4.Green.Tests,CARDS-BT4-Green
BT4/Purple,BT4,Purple,13,src/HeadlessDCGO.Engine/Assets/Scripts/CardEffect/BT4/Purple,CardEffect.BT4.Purple.Tests,CARDS-BT4-Purple
BT4/Red,BT4,Red,15,src/HeadlessDCGO.Engine/Assets/Scripts/CardEffect/BT4/Red,CardEffect.BT4.Red.Tests,CARDS-BT4-Red
BT4/White,BT4,White,2,src/HeadlessDCGO.Engine/Assets/Scripts/CardEffect/BT4/White,CardEffect.BT4.White.Tests,CARDS-BT4-White
BT4/Yellow,BT4,Yellow,16,src/HeadlessDCGO.Engine/Assets/Scripts/CardEffect/BT4/Yellow,CardEffect.BT4.Yellow.Tests,CARDS-BT4-Yellow
BT5/Black,BT5,Black,14,src/HeadlessDCGO.Engine/Assets/Scripts/CardEffect/BT5/Black,CardEffect.BT5.Black.Tests,CARDS-BT5-Black
BT5/Blue,BT5,Blue,14,src/HeadlessDCGO.Engine/Assets/Scripts/CardEffect/BT5/Blue,CardEffect.BT5.Blue.Tests,CARDS-BT5-Blue
BT5/Green,BT5,Green,14,src/HeadlessDCGO.Engine/Assets/Scripts/CardEffect/BT5/Green,CardEffect.BT5.Green.Tests,CARDS-BT5-Green
BT5/Purple,BT5,Purple,14,src/HeadlessDCGO.Engine/Assets/Scripts/CardEffect/BT5/Purple,CardEffect.BT5.Purple.Tests,CARDS-BT5-Purple
BT5/Red,BT5,Red,14,src/HeadlessDCGO.Engine/Assets/Scripts/CardEffect/BT5/Red,CardEffect.BT5.Red.Tests,CARDS-BT5-Red
BT5/White,BT5,White,11,src/HeadlessDCGO.Engine/Assets/Scripts/CardEffect/BT5/White,CardEffect.BT5.White.Tests,CARDS-BT5-White
BT5/Yellow,BT5,Yellow,13,src/HeadlessDCGO.Engine/Assets/Scripts/CardEffect/BT5/Yellow,CardEffect.BT5.Yellow.Tests,CARDS-BT5-Yellow
BT6/Black,BT6,Black,16,src/HeadlessDCGO.Engine/Assets/Scripts/CardEffect/BT6/Black,CardEffect.BT6.Black.Tests,CARDS-BT6-Black
BT6/Blue,BT6,Blue,15,src/HeadlessDCGO.Engine/Assets/Scripts/CardEffect/BT6/Blue,CardEffect.BT6.Blue.Tests,CARDS-BT6-Blue
BT6/Green,BT6,Green,11,src/HeadlessDCGO.Engine/Assets/Scripts/CardEffect/BT6/Green,CardEffect.BT6.Green.Tests,CARDS-BT6-Green
BT6/Purple,BT6,Purple,18,src/HeadlessDCGO.Engine/Assets/Scripts/CardEffect/BT6/Purple,CardEffect.BT6.Purple.Tests,CARDS-BT6-Purple
BT6/Red,BT6,Red,16,src/HeadlessDCGO.Engine/Assets/Scripts/CardEffect/BT6/Red,CardEffect.BT6.Red.Tests,CARDS-BT6-Red
BT6/White,BT6,White,7,src/HeadlessDCGO.Engine/Assets/Scripts/CardEffect/BT6/White,CardEffect.BT6.White.Tests,CARDS-BT6-White
BT6/Yellow,BT6,Yellow,18,src/HeadlessDCGO.Engine/Assets/Scripts/CardEffect/BT6/Yellow,CardEffect.BT6.Yellow.Tests,CARDS-BT6-Yellow
BT7/Black,BT7,Black,16,src/HeadlessDCGO.Engine/Assets/Scripts/CardEffect/BT7/Black,CardEffect.BT7.Black.Tests,CARDS-BT7-Black
BT7/Blue,BT7,Blue,18,src/HeadlessDCGO.Engine/Assets/Scripts/CardEffect/BT7/Blue,CardEffect.BT7.Blue.Tests,CARDS-BT7-Blue
BT7/Green,BT7,Green,14,src/HeadlessDCGO.Engine/Assets/Scripts/CardEffect/BT7/Green,CardEffect.BT7.Green.Tests,CARDS-BT7-Green
BT7/Purple,BT7,Purple,19,src/HeadlessDCGO.Engine/Assets/Scripts/CardEffect/BT7/Purple,CardEffect.BT7.Purple.Tests,CARDS-BT7-Purple
BT7/Red,BT7,Red,14,src/HeadlessDCGO.Engine/Assets/Scripts/CardEffect/BT7/Red,CardEffect.BT7.Red.Tests,CARDS-BT7-Red
BT7/White,BT7,White,7,src/HeadlessDCGO.Engine/Assets/Scripts/CardEffect/BT7/White,CardEffect.BT7.White.Tests,CARDS-BT7-White
BT7/Yellow,BT7,Yellow,16,src/HeadlessDCGO.Engine/Assets/Scripts/CardEffect/BT7/Yellow,CardEffect.BT7.Yellow.Tests,CARDS-BT7-Yellow
BT8/Black,BT8,Black,18,src/HeadlessDCGO.Engine/Assets/Scripts/CardEffect/BT8/Black,CardEffect.BT8.Black.Tests,CARDS-BT8-Black
BT8/Blue,BT8,Blue,15,src/HeadlessDCGO.Engine/Assets/Scripts/CardEffect/BT8/Blue,CardEffect.BT8.Blue.Tests,CARDS-BT8-Blue
BT8/Green,BT8,Green,14,src/HeadlessDCGO.Engine/Assets/Scripts/CardEffect/BT8/Green,CardEffect.BT8.Green.Tests,CARDS-BT8-Green
BT8/Purple,BT8,Purple,15,src/HeadlessDCGO.Engine/Assets/Scripts/CardEffect/BT8/Purple,CardEffect.BT8.Purple.Tests,CARDS-BT8-Purple
BT8/Red,BT8,Red,14,src/HeadlessDCGO.Engine/Assets/Scripts/CardEffect/BT8/Red,CardEffect.BT8.Red.Tests,CARDS-BT8-Red
BT8/White,BT8,White,4,src/HeadlessDCGO.Engine/Assets/Scripts/CardEffect/BT8/White,CardEffect.BT8.White.Tests,CARDS-BT8-White
BT8/Yellow,BT8,Yellow,14,src/HeadlessDCGO.Engine/Assets/Scripts/CardEffect/BT8/Yellow,CardEffect.BT8.Yellow.Tests,CARDS-BT8-Yellow
BT9/Black,BT9,Black,18,src/HeadlessDCGO.Engine/Assets/Scripts/CardEffect/BT9/Black,CardEffect.BT9.Black.Tests,CARDS-BT9-Black
BT9/Blue,BT9,Blue,14,src/HeadlessDCGO.Engine/Assets/Scripts/CardEffect/BT9/Blue,CardEffect.BT9.Blue.Tests,CARDS-BT9-Blue
BT9/Green,BT9,Green,12,src/HeadlessDCGO.Engine/Assets/Scripts/CardEffect/BT9/Green,CardEffect.BT9.Green.Tests,CARDS-BT9-Green
BT9/Purple,BT9,Purple,19,src/HeadlessDCGO.Engine/Assets/Scripts/CardEffect/BT9/Purple,CardEffect.BT9.Purple.Tests,CARDS-BT9-Purple
BT9/Red,BT9,Red,15,src/HeadlessDCGO.Engine/Assets/Scripts/CardEffect/BT9/Red,CardEffect.BT9.Red.Tests,CARDS-BT9-Red
BT9/White,BT9,White,4,src/HeadlessDCGO.Engine/Assets/Scripts/CardEffect/BT9/White,CardEffect.BT9.White.Tests,CARDS-BT9-White
BT9/Yellow,BT9,Yellow,14,src/HeadlessDCGO.Engine/Assets/Scripts/CardEffect/BT9/Yellow,CardEffect.BT9.Yellow.Tests,CARDS-BT9-Yellow
BT10/Black,BT10,Black,15,src/HeadlessDCGO.Engine/Assets/Scripts/CardEffect/BT10/Black,CardEffect.BT10.Black.Tests,CARDS-BT10-Black
BT10/Blue,BT10,Blue,14,src/HeadlessDCGO.Engine/Assets/Scripts/CardEffect/BT10/Blue,CardEffect.BT10.Blue.Tests,CARDS-BT10-Blue
BT10/Green,BT10,Green,17,src/HeadlessDCGO.Engine/Assets/Scripts/CardEffect/BT10/Green,CardEffect.BT10.Green.Tests,CARDS-BT10-Green
BT10/Purple,BT10,Purple,17,src/HeadlessDCGO.Engine/Assets/Scripts/CardEffect/BT10/Purple,CardEffect.BT10.Purple.Tests,CARDS-BT10-Purple
BT10/Red,BT10,Red,16,src/HeadlessDCGO.Engine/Assets/Scripts/CardEffect/BT10/Red,CardEffect.BT10.Red.Tests,CARDS-BT10-Red
BT10/White,BT10,White,4,src/HeadlessDCGO.Engine/Assets/Scripts/CardEffect/BT10/White,CardEffect.BT10.White.Tests,CARDS-BT10-White
BT10/Yellow,BT10,Yellow,17,src/HeadlessDCGO.Engine/Assets/Scripts/CardEffect/BT10/Yellow,CardEffect.BT10.Yellow.Tests,CARDS-BT10-Yellow
BT11/Black,BT11,Black,22,src/HeadlessDCGO.Engine/Assets/Scripts/CardEffect/BT11/Black,CardEffect.BT11.Black.Tests,CARDS-BT11-Black
BT11/Blue,BT11,Blue,17,src/HeadlessDCGO.Engine/Assets/Scripts/CardEffect/BT11/Blue,CardEffect.BT11.Blue.Tests,CARDS-BT11-Blue
BT11/Green,BT11,Green,16,src/HeadlessDCGO.Engine/Assets/Scripts/CardEffect/BT11/Green,CardEffect.BT11.Green.Tests,CARDS-BT11-Green
BT11/Purple,BT11,Purple,17,src/HeadlessDCGO.Engine/Assets/Scripts/CardEffect/BT11/Purple,CardEffect.BT11.Purple.Tests,CARDS-BT11-Purple
BT11/Red,BT11,Red,16,src/HeadlessDCGO.Engine/Assets/Scripts/CardEffect/BT11/Red,CardEffect.BT11.Red.Tests,CARDS-BT11-Red
BT11/White,BT11,White,1,src/HeadlessDCGO.Engine/Assets/Scripts/CardEffect/BT11/White,CardEffect.BT11.White.Tests,CARDS-BT11-White
BT11/Yellow,BT11,Yellow,13,src/HeadlessDCGO.Engine/Assets/Scripts/CardEffect/BT11/Yellow,CardEffect.BT11.Yellow.Tests,CARDS-BT11-Yellow
BT12/Black,BT12,Black,18,src/HeadlessDCGO.Engine/Assets/Scripts/CardEffect/BT12/Black,CardEffect.BT12.Black.Tests,CARDS-BT12-Black
BT12/Blue,BT12,Blue,16,src/HeadlessDCGO.Engine/Assets/Scripts/CardEffect/BT12/Blue,CardEffect.BT12.Blue.Tests,CARDS-BT12-Blue
BT12/Green,BT12,Green,14,src/HeadlessDCGO.Engine/Assets/Scripts/CardEffect/BT12/Green,CardEffect.BT12.Green.Tests,CARDS-BT12-Green
BT12/Purple,BT12,Purple,18,src/HeadlessDCGO.Engine/Assets/Scripts/CardEffect/BT12/Purple,CardEffect.BT12.Purple.Tests,CARDS-BT12-Purple
BT12/Red,BT12,Red,19,src/HeadlessDCGO.Engine/Assets/Scripts/CardEffect/BT12/Red,CardEffect.BT12.Red.Tests,CARDS-BT12-Red
BT12/White,BT12,White,3,src/HeadlessDCGO.Engine/Assets/Scripts/CardEffect/BT12/White,CardEffect.BT12.White.Tests,CARDS-BT12-White
BT12/Yellow,BT12,Yellow,14,src/HeadlessDCGO.Engine/Assets/Scripts/CardEffect/BT12/Yellow,CardEffect.BT12.Yellow.Tests,CARDS-BT12-Yellow
BT13/Black,BT13,Black,18,src/HeadlessDCGO.Engine/Assets/Scripts/CardEffect/BT13/Black,CardEffect.BT13.Black.Tests,CARDS-BT13-Black
BT13/Blue,BT13,Blue,15,src/HeadlessDCGO.Engine/Assets/Scripts/CardEffect/BT13/Blue,CardEffect.BT13.Blue.Tests,CARDS-BT13-Blue
BT13/Green,BT13,Green,17,src/HeadlessDCGO.Engine/Assets/Scripts/CardEffect/BT13/Green,CardEffect.BT13.Green.Tests,CARDS-BT13-Green
BT13/Purple,BT13,Purple,19,src/HeadlessDCGO.Engine/Assets/Scripts/CardEffect/BT13/Purple,CardEffect.BT13.Purple.Tests,CARDS-BT13-Purple
BT13/Red,BT13,Red,18,src/HeadlessDCGO.Engine/Assets/Scripts/CardEffect/BT13/Red,CardEffect.BT13.Red.Tests,CARDS-BT13-Red
BT13/White,BT13,White,4,src/HeadlessDCGO.Engine/Assets/Scripts/CardEffect/BT13/White,CardEffect.BT13.White.Tests,CARDS-BT13-White
BT13/Yellow,BT13,Yellow,18,src/HeadlessDCGO.Engine/Assets/Scripts/CardEffect/BT13/Yellow,CardEffect.BT13.Yellow.Tests,CARDS-BT13-Yellow
BT14/Black,BT14,Black,17,src/HeadlessDCGO.Engine/Assets/Scripts/CardEffect/BT14/Black,CardEffect.BT14.Black.Tests,CARDS-BT14-Black
BT14/Blue,BT14,Blue,14,src/HeadlessDCGO.Engine/Assets/Scripts/CardEffect/BT14/Blue,CardEffect.BT14.Blue.Tests,CARDS-BT14-Blue
BT14/Green,BT14,Green,16,src/HeadlessDCGO.Engine/Assets/Scripts/CardEffect/BT14/Green,CardEffect.BT14.Green.Tests,CARDS-BT14-Green
BT14/Purple,BT14,Purple,16,src/HeadlessDCGO.Engine/Assets/Scripts/CardEffect/BT14/Purple,CardEffect.BT14.Purple.Tests,CARDS-BT14-Purple
BT14/Red,BT14,Red,14,src/HeadlessDCGO.Engine/Assets/Scripts/CardEffect/BT14/Red,CardEffect.BT14.Red.Tests,CARDS-BT14-Red
BT14/White,BT14,White,1,src/HeadlessDCGO.Engine/Assets/Scripts/CardEffect/BT14/White,CardEffect.BT14.White.Tests,CARDS-BT14-White
BT14/Yellow,BT14,Yellow,16,src/HeadlessDCGO.Engine/Assets/Scripts/CardEffect/BT14/Yellow,CardEffect.BT14.Yellow.Tests,CARDS-BT14-Yellow
BT15/Black,BT15,Black,18,src/HeadlessDCGO.Engine/Assets/Scripts/CardEffect/BT15/Black,CardEffect.BT15.Black.Tests,CARDS-BT15-Black
BT15/Blue,BT15,Blue,19,src/HeadlessDCGO.Engine/Assets/Scripts/CardEffect/BT15/Blue,CardEffect.BT15.Blue.Tests,CARDS-BT15-Blue
BT15/Green,BT15,Green,16,src/HeadlessDCGO.Engine/Assets/Scripts/CardEffect/BT15/Green,CardEffect.BT15.Green.Tests,CARDS-BT15-Green
BT15/Purple,BT15,Purple,18,src/HeadlessDCGO.Engine/Assets/Scripts/CardEffect/BT15/Purple,CardEffect.BT15.Purple.Tests,CARDS-BT15-Purple
BT15/Red,BT15,Red,16,src/HeadlessDCGO.Engine/Assets/Scripts/CardEffect/BT15/Red,CardEffect.BT15.Red.Tests,CARDS-BT15-Red
BT15/White,BT15,White,1,src/HeadlessDCGO.Engine/Assets/Scripts/CardEffect/BT15/White,CardEffect.BT15.White.Tests,CARDS-BT15-White
BT15/Yellow,BT15,Yellow,14,src/HeadlessDCGO.Engine/Assets/Scripts/CardEffect/BT15/Yellow,CardEffect.BT15.Yellow.Tests,CARDS-BT15-Yellow
BT16/Black,BT16,Black,24,src/HeadlessDCGO.Engine/Assets/Scripts/CardEffect/BT16/Black,CardEffect.BT16.Black.Tests,CARDS-BT16-Black
BT16/Blue,BT16,Blue,16,src/HeadlessDCGO.Engine/Assets/Scripts/CardEffect/BT16/Blue,CardEffect.BT16.Blue.Tests,CARDS-BT16-Blue
BT16/Green,BT16,Green,14,src/HeadlessDCGO.Engine/Assets/Scripts/CardEffect/BT16/Green,CardEffect.BT16.Green.Tests,CARDS-BT16-Green
BT16/Purple,BT16,Purple,20,src/HeadlessDCGO.Engine/Assets/Scripts/CardEffect/BT16/Purple,CardEffect.BT16.Purple.Tests,CARDS-BT16-Purple
BT16/Red,BT16,Red,12,src/HeadlessDCGO.Engine/Assets/Scripts/CardEffect/BT16/Red,CardEffect.BT16.Red.Tests,CARDS-BT16-Red
BT16/White,BT16,White,3,src/HeadlessDCGO.Engine/Assets/Scripts/CardEffect/BT16/White,CardEffect.BT16.White.Tests,CARDS-BT16-White
BT16/Yellow,BT16,Yellow,14,src/HeadlessDCGO.Engine/Assets/Scripts/CardEffect/BT16/Yellow,CardEffect.BT16.Yellow.Tests,CARDS-BT16-Yellow
BT17/Black,BT17,Black,11,src/HeadlessDCGO.Engine/Assets/Scripts/CardEffect/BT17/Black,CardEffect.BT17.Black.Tests,CARDS-BT17-Black
BT17/Blue,BT17,Blue,15,src/HeadlessDCGO.Engine/Assets/Scripts/CardEffect/BT17/Blue,CardEffect.BT17.Blue.Tests,CARDS-BT17-Blue
BT17/Green,BT17,Green,13,src/HeadlessDCGO.Engine/Assets/Scripts/CardEffect/BT17/Green,CardEffect.BT17.Green.Tests,CARDS-BT17-Green
BT17/Purple,BT17,Purple,17,src/HeadlessDCGO.Engine/Assets/Scripts/CardEffect/BT17/Purple,CardEffect.BT17.Purple.Tests,CARDS-BT17-Purple
BT17/Red,BT17,Red,19,src/HeadlessDCGO.Engine/Assets/Scripts/CardEffect/BT17/Red,CardEffect.BT17.Red.Tests,CARDS-BT17-Red
BT17/White,BT17,White,8,src/HeadlessDCGO.Engine/Assets/Scripts/CardEffect/BT17/White,CardEffect.BT17.White.Tests,CARDS-BT17-White
BT17/Yellow,BT17,Yellow,19,src/HeadlessDCGO.Engine/Assets/Scripts/CardEffect/BT17/Yellow,CardEffect.BT17.Yellow.Tests,CARDS-BT17-Yellow
BT18/Black,BT18,Black,21,src/HeadlessDCGO.Engine/Assets/Scripts/CardEffect/BT18/Black,CardEffect.BT18.Black.Tests,CARDS-BT18-Black
BT18/Blue,BT18,Blue,11,src/HeadlessDCGO.Engine/Assets/Scripts/CardEffect/BT18/Blue,CardEffect.BT18.Blue.Tests,CARDS-BT18-Blue
BT18/Green,BT18,Green,16,src/HeadlessDCGO.Engine/Assets/Scripts/CardEffect/BT18/Green,CardEffect.BT18.Green.Tests,CARDS-BT18-Green
BT18/Purple,BT18,Purple,17,src/HeadlessDCGO.Engine/Assets/Scripts/CardEffect/BT18/Purple,CardEffect.BT18.Purple.Tests,CARDS-BT18-Purple
BT18/Red,BT18,Red,18,src/HeadlessDCGO.Engine/Assets/Scripts/CardEffect/BT18/Red,CardEffect.BT18.Red.Tests,CARDS-BT18-Red
BT18/White,BT18,White,2,src/HeadlessDCGO.Engine/Assets/Scripts/CardEffect/BT18/White,CardEffect.BT18.White.Tests,CARDS-BT18-White
BT18/Yellow,BT18,Yellow,16,src/HeadlessDCGO.Engine/Assets/Scripts/CardEffect/BT18/Yellow,CardEffect.BT18.Yellow.Tests,CARDS-BT18-Yellow
BT19/Black,BT19,Black,14,src/HeadlessDCGO.Engine/Assets/Scripts/CardEffect/BT19/Black,CardEffect.BT19.Black.Tests,CARDS-BT19-Black
BT19/Blue,BT19,Blue,17,src/HeadlessDCGO.Engine/Assets/Scripts/CardEffect/BT19/Blue,CardEffect.BT19.Blue.Tests,CARDS-BT19-Blue
BT19/Green,BT19,Green,16,src/HeadlessDCGO.Engine/Assets/Scripts/CardEffect/BT19/Green,CardEffect.BT19.Green.Tests,CARDS-BT19-Green
BT19/Purple,BT19,Purple,15,src/HeadlessDCGO.Engine/Assets/Scripts/CardEffect/BT19/Purple,CardEffect.BT19.Purple.Tests,CARDS-BT19-Purple
BT19/Red,BT19,Red,16,src/HeadlessDCGO.Engine/Assets/Scripts/CardEffect/BT19/Red,CardEffect.BT19.Red.Tests,CARDS-BT19-Red
BT19/White,BT19,White,5,src/HeadlessDCGO.Engine/Assets/Scripts/CardEffect/BT19/White,CardEffect.BT19.White.Tests,CARDS-BT19-White
BT19/Yellow,BT19,Yellow,20,src/HeadlessDCGO.Engine/Assets/Scripts/CardEffect/BT19/Yellow,CardEffect.BT19.Yellow.Tests,CARDS-BT19-Yellow
BT20/Black,BT20,Black,19,src/HeadlessDCGO.Engine/Assets/Scripts/CardEffect/BT20/Black,CardEffect.BT20.Black.Tests,CARDS-BT20-Black
BT20/Blue,BT20,Blue,9,src/HeadlessDCGO.Engine/Assets/Scripts/CardEffect/BT20/Blue,CardEffect.BT20.Blue.Tests,CARDS-BT20-Blue
BT20/Green,BT20,Green,11,src/HeadlessDCGO.Engine/Assets/Scripts/CardEffect/BT20/Green,CardEffect.BT20.Green.Tests,CARDS-BT20-Green
BT20/Purple,BT20,Purple,29,src/HeadlessDCGO.Engine/Assets/Scripts/CardEffect/BT20/Purple,CardEffect.BT20.Purple.Tests,CARDS-BT20-Purple
BT20/Red,BT20,Red,19,src/HeadlessDCGO.Engine/Assets/Scripts/CardEffect/BT20/Red,CardEffect.BT20.Red.Tests,CARDS-BT20-Red
BT20/White,BT20,White,6,src/HeadlessDCGO.Engine/Assets/Scripts/CardEffect/BT20/White,CardEffect.BT20.White.Tests,CARDS-BT20-White
BT20/Yellow,BT20,Yellow,10,src/HeadlessDCGO.Engine/Assets/Scripts/CardEffect/BT20/Yellow,CardEffect.BT20.Yellow.Tests,CARDS-BT20-Yellow
BT21/Black,BT21,Black,13,src/HeadlessDCGO.Engine/Assets/Scripts/CardEffect/BT21/Black,CardEffect.BT21.Black.Tests,CARDS-BT21-Black
BT21/Blue,BT21,Blue,13,src/HeadlessDCGO.Engine/Assets/Scripts/CardEffect/BT21/Blue,CardEffect.BT21.Blue.Tests,CARDS-BT21-Blue
BT21/Green,BT21,Green,9,src/HeadlessDCGO.Engine/Assets/Scripts/CardEffect/BT21/Green,CardEffect.BT21.Green.Tests,CARDS-BT21-Green
BT21/Purple,BT21,Purple,21,src/HeadlessDCGO.Engine/Assets/Scripts/CardEffect/BT21/Purple,CardEffect.BT21.Purple.Tests,CARDS-BT21-Purple
BT21/Red,BT21,Red,36,src/HeadlessDCGO.Engine/Assets/Scripts/CardEffect/BT21/Red,CardEffect.BT21.Red.Tests,CARDS-BT21-Red
BT21/White,BT21,White,2,src/HeadlessDCGO.Engine/Assets/Scripts/CardEffect/BT21/White,CardEffect.BT21.White.Tests,CARDS-BT21-White
BT21/Yellow,BT21,Yellow,9,src/HeadlessDCGO.Engine/Assets/Scripts/CardEffect/BT21/Yellow,CardEffect.BT21.Yellow.Tests,CARDS-BT21-Yellow
BT22/Black,BT22,Black,21,src/HeadlessDCGO.Engine/Assets/Scripts/CardEffect/BT22/Black,CardEffect.BT22.Black.Tests,CARDS-BT22-Black
BT22/Blue,BT22,Blue,17,src/HeadlessDCGO.Engine/Assets/Scripts/CardEffect/BT22/Blue,CardEffect.BT22.Blue.Tests,CARDS-BT22-Blue
BT22/Green,BT22,Green,11,src/HeadlessDCGO.Engine/Assets/Scripts/CardEffect/BT22/Green,CardEffect.BT22.Green.Tests,CARDS-BT22-Green
BT22/Purple,BT22,Purple,14,src/HeadlessDCGO.Engine/Assets/Scripts/CardEffect/BT22/Purple,CardEffect.BT22.Purple.Tests,CARDS-BT22-Purple
BT22/Red,BT22,Red,10,src/HeadlessDCGO.Engine/Assets/Scripts/CardEffect/BT22/Red,CardEffect.BT22.Red.Tests,CARDS-BT22-Red
BT22/White,BT22,White,8,src/HeadlessDCGO.Engine/Assets/Scripts/CardEffect/BT22/White,CardEffect.BT22.White.Tests,CARDS-BT22-White
BT22/Yellow,BT22,Yellow,21,src/HeadlessDCGO.Engine/Assets/Scripts/CardEffect/BT22/Yellow,CardEffect.BT22.Yellow.Tests,CARDS-BT22-Yellow
BT23/Black,BT23,Black,17,src/HeadlessDCGO.Engine/Assets/Scripts/CardEffect/BT23/Black,CardEffect.BT23.Black.Tests,CARDS-BT23-Black
BT23/Blue,BT23,Blue,15,src/HeadlessDCGO.Engine/Assets/Scripts/CardEffect/BT23/Blue,CardEffect.BT23.Blue.Tests,CARDS-BT23-Blue
BT23/Green,BT23,Green,16,src/HeadlessDCGO.Engine/Assets/Scripts/CardEffect/BT23/Green,CardEffect.BT23.Green.Tests,CARDS-BT23-Green
BT23/Purple,BT23,Purple,16,src/HeadlessDCGO.Engine/Assets/Scripts/CardEffect/BT23/Purple,CardEffect.BT23.Purple.Tests,CARDS-BT23-Purple
BT23/Red,BT23,Red,14,src/HeadlessDCGO.Engine/Assets/Scripts/CardEffect/BT23/Red,CardEffect.BT23.Red.Tests,CARDS-BT23-Red
BT23/White,BT23,White,10,src/HeadlessDCGO.Engine/Assets/Scripts/CardEffect/BT23/White,CardEffect.BT23.White.Tests,CARDS-BT23-White
BT23/Yellow,BT23,Yellow,15,src/HeadlessDCGO.Engine/Assets/Scripts/CardEffect/BT23/Yellow,CardEffect.BT23.Yellow.Tests,CARDS-BT23-Yellow
BT24/Black,BT24,Black,16,src/HeadlessDCGO.Engine/Assets/Scripts/CardEffect/BT24/Black,CardEffect.BT24.Black.Tests,CARDS-BT24-Black
BT24/Blue,BT24,Blue,15,src/HeadlessDCGO.Engine/Assets/Scripts/CardEffect/BT24/Blue,CardEffect.BT24.Blue.Tests,CARDS-BT24-Blue
BT24/Green,BT24,Green,14,src/HeadlessDCGO.Engine/Assets/Scripts/CardEffect/BT24/Green,CardEffect.BT24.Green.Tests,CARDS-BT24-Green
BT24/Purple,BT24,Purple,24,src/HeadlessDCGO.Engine/Assets/Scripts/CardEffect/BT24/Purple,CardEffect.BT24.Purple.Tests,CARDS-BT24-Purple
BT24/Red,BT24,Red,15,src/HeadlessDCGO.Engine/Assets/Scripts/CardEffect/BT24/Red,CardEffect.BT24.Red.Tests,CARDS-BT24-Red
BT24/White,BT24,White,2,src/HeadlessDCGO.Engine/Assets/Scripts/CardEffect/BT24/White,CardEffect.BT24.White.Tests,CARDS-BT24-White
BT24/Yellow,BT24,Yellow,16,src/HeadlessDCGO.Engine/Assets/Scripts/CardEffect/BT24/Yellow,CardEffect.BT24.Yellow.Tests,CARDS-BT24-Yellow
BT25/Black,BT25,Black,22,src/HeadlessDCGO.Engine/Assets/Scripts/CardEffect/BT25/Black,CardEffect.BT25.Black.Tests,CARDS-BT25-Black
BT25/Blue,BT25,Blue,12,src/HeadlessDCGO.Engine/Assets/Scripts/CardEffect/BT25/Blue,CardEffect.BT25.Blue.Tests,CARDS-BT25-Blue
BT25/Green,BT25,Green,20,src/HeadlessDCGO.Engine/Assets/Scripts/CardEffect/BT25/Green,CardEffect.BT25.Green.Tests,CARDS-BT25-Green
BT25/Purple,BT25,Purple,10,src/HeadlessDCGO.Engine/Assets/Scripts/CardEffect/BT25/Purple,CardEffect.BT25.Purple.Tests,CARDS-BT25-Purple
BT25/Red,BT25,Red,21,src/HeadlessDCGO.Engine/Assets/Scripts/CardEffect/BT25/Red,CardEffect.BT25.Red.Tests,CARDS-BT25-Red
BT25/Yellow,BT25,Yellow,19,src/HeadlessDCGO.Engine/Assets/Scripts/CardEffect/BT25/Yellow,CardEffect.BT25.Yellow.Tests,CARDS-BT25-Yellow
EX1/Black,EX1,Black,13,src/HeadlessDCGO.Engine/Assets/Scripts/CardEffect/EX1/Black,CardEffect.EX1.Black.Tests,CARDS-EX1-Black
EX1/Blue,EX1,Blue,13,src/HeadlessDCGO.Engine/Assets/Scripts/CardEffect/EX1/Blue,CardEffect.EX1.Blue.Tests,CARDS-EX1-Blue
EX1/Green,EX1,Green,11,src/HeadlessDCGO.Engine/Assets/Scripts/CardEffect/EX1/Green,CardEffect.EX1.Green.Tests,CARDS-EX1-Green
EX1/Purple,EX1,Purple,11,src/HeadlessDCGO.Engine/Assets/Scripts/CardEffect/EX1/Purple,CardEffect.EX1.Purple.Tests,CARDS-EX1-Purple
EX1/Red,EX1,Red,11,src/HeadlessDCGO.Engine/Assets/Scripts/CardEffect/EX1/Red,CardEffect.EX1.Red.Tests,CARDS-EX1-Red
EX1/White,EX1,White,4,src/HeadlessDCGO.Engine/Assets/Scripts/CardEffect/EX1/White,CardEffect.EX1.White.Tests,CARDS-EX1-White
EX1/Yellow,EX1,Yellow,10,src/HeadlessDCGO.Engine/Assets/Scripts/CardEffect/EX1/Yellow,CardEffect.EX1.Yellow.Tests,CARDS-EX1-Yellow
EX2/Black,EX2,Black,12,src/HeadlessDCGO.Engine/Assets/Scripts/CardEffect/EX2/Black,CardEffect.EX2.Black.Tests,CARDS-EX2-Black
EX2/Blue,EX2,Blue,10,src/HeadlessDCGO.Engine/Assets/Scripts/CardEffect/EX2/Blue,CardEffect.EX2.Blue.Tests,CARDS-EX2-Blue
EX2/Green,EX2,Green,8,src/HeadlessDCGO.Engine/Assets/Scripts/CardEffect/EX2/Green,CardEffect.EX2.Green.Tests,CARDS-EX2-Green
EX2/Purple,EX2,Purple,11,src/HeadlessDCGO.Engine/Assets/Scripts/CardEffect/EX2/Purple,CardEffect.EX2.Purple.Tests,CARDS-EX2-Purple
EX2/Red,EX2,Red,10,src/HeadlessDCGO.Engine/Assets/Scripts/CardEffect/EX2/Red,CardEffect.EX2.Red.Tests,CARDS-EX2-Red
EX2/White,EX2,White,13,src/HeadlessDCGO.Engine/Assets/Scripts/CardEffect/EX2/White,CardEffect.EX2.White.Tests,CARDS-EX2-White
EX2/Yellow,EX2,Yellow,9,src/HeadlessDCGO.Engine/Assets/Scripts/CardEffect/EX2/Yellow,CardEffect.EX2.Yellow.Tests,CARDS-EX2-Yellow
EX3/Black,EX3,Black,11,src/HeadlessDCGO.Engine/Assets/Scripts/CardEffect/EX3/Black,CardEffect.EX3.Black.Tests,CARDS-EX3-Black
EX3/Blue,EX3,Blue,14,src/HeadlessDCGO.Engine/Assets/Scripts/CardEffect/EX3/Blue,CardEffect.EX3.Blue.Tests,CARDS-EX3-Blue
EX3/Green,EX3,Green,11,src/HeadlessDCGO.Engine/Assets/Scripts/CardEffect/EX3/Green,CardEffect.EX3.Green.Tests,CARDS-EX3-Green
EX3/Purple,EX3,Purple,12,src/HeadlessDCGO.Engine/Assets/Scripts/CardEffect/EX3/Purple,CardEffect.EX3.Purple.Tests,CARDS-EX3-Purple
EX3/Red,EX3,Red,12,src/HeadlessDCGO.Engine/Assets/Scripts/CardEffect/EX3/Red,CardEffect.EX3.Red.Tests,CARDS-EX3-Red
EX3/White,EX3,White,1,src/HeadlessDCGO.Engine/Assets/Scripts/CardEffect/EX3/White,CardEffect.EX3.White.Tests,CARDS-EX3-White
EX3/Yellow,EX3,Yellow,12,src/HeadlessDCGO.Engine/Assets/Scripts/CardEffect/EX3/Yellow,CardEffect.EX3.Yellow.Tests,CARDS-EX3-Yellow
EX4/Black,EX4,Black,17,src/HeadlessDCGO.Engine/Assets/Scripts/CardEffect/EX4/Black,CardEffect.EX4.Black.Tests,CARDS-EX4-Black
EX4/Blue,EX4,Blue,14,src/HeadlessDCGO.Engine/Assets/Scripts/CardEffect/EX4/Blue,CardEffect.EX4.Blue.Tests,CARDS-EX4-Blue
EX4/Green,EX4,Green,8,src/HeadlessDCGO.Engine/Assets/Scripts/CardEffect/EX4/Green,CardEffect.EX4.Green.Tests,CARDS-EX4-Green
EX4/Purple,EX4,Purple,13,src/HeadlessDCGO.Engine/Assets/Scripts/CardEffect/EX4/Purple,CardEffect.EX4.Purple.Tests,CARDS-EX4-Purple
EX4/Red,EX4,Red,10,src/HeadlessDCGO.Engine/Assets/Scripts/CardEffect/EX4/Red,CardEffect.EX4.Red.Tests,CARDS-EX4-Red
EX4/White,EX4,White,2,src/HeadlessDCGO.Engine/Assets/Scripts/CardEffect/EX4/White,CardEffect.EX4.White.Tests,CARDS-EX4-White
EX4/Yellow,EX4,Yellow,10,src/HeadlessDCGO.Engine/Assets/Scripts/CardEffect/EX4/Yellow,CardEffect.EX4.Yellow.Tests,CARDS-EX4-Yellow
EX5/Black,EX5,Black,13,src/HeadlessDCGO.Engine/Assets/Scripts/CardEffect/EX5/Black,CardEffect.EX5.Black.Tests,CARDS-EX5-Black
EX5/Blue,EX5,Blue,15,src/HeadlessDCGO.Engine/Assets/Scripts/CardEffect/EX5/Blue,CardEffect.EX5.Blue.Tests,CARDS-EX5-Blue
EX5/Green,EX5,Green,11,src/HeadlessDCGO.Engine/Assets/Scripts/CardEffect/EX5/Green,CardEffect.EX5.Green.Tests,CARDS-EX5-Green
EX5/Purple,EX5,Purple,11,src/HeadlessDCGO.Engine/Assets/Scripts/CardEffect/EX5/Purple,CardEffect.EX5.Purple.Tests,CARDS-EX5-Purple
EX5/Red,EX5,Red,12,src/HeadlessDCGO.Engine/Assets/Scripts/CardEffect/EX5/Red,CardEffect.EX5.Red.Tests,CARDS-EX5-Red
EX5/White,EX5,White,3,src/HeadlessDCGO.Engine/Assets/Scripts/CardEffect/EX5/White,CardEffect.EX5.White.Tests,CARDS-EX5-White
EX5/Yellow,EX5,Yellow,10,src/HeadlessDCGO.Engine/Assets/Scripts/CardEffect/EX5/Yellow,CardEffect.EX5.Yellow.Tests,CARDS-EX5-Yellow
EX6/Black,EX6,Black,10,src/HeadlessDCGO.Engine/Assets/Scripts/CardEffect/EX6/Black,CardEffect.EX6.Black.Tests,CARDS-EX6-Black
EX6/Blue,EX6,Blue,6,src/HeadlessDCGO.Engine/Assets/Scripts/CardEffect/EX6/Blue,CardEffect.EX6.Blue.Tests,CARDS-EX6-Blue
EX6/Green,EX6,Green,5,src/HeadlessDCGO.Engine/Assets/Scripts/CardEffect/EX6/Green,CardEffect.EX6.Green.Tests,CARDS-EX6-Green
EX6/Purple,EX6,Purple,23,src/HeadlessDCGO.Engine/Assets/Scripts/CardEffect/EX6/Purple,CardEffect.EX6.Purple.Tests,CARDS-EX6-Purple
EX6/Red,EX6,Red,7,src/HeadlessDCGO.Engine/Assets/Scripts/CardEffect/EX6/Red,CardEffect.EX6.Red.Tests,CARDS-EX6-Red
EX6/White,EX6,White,2,src/HeadlessDCGO.Engine/Assets/Scripts/CardEffect/EX6/White,CardEffect.EX6.White.Tests,CARDS-EX6-White
EX6/Yellow,EX6,Yellow,21,src/HeadlessDCGO.Engine/Assets/Scripts/CardEffect/EX6/Yellow,CardEffect.EX6.Yellow.Tests,CARDS-EX6-Yellow
EX7/Black,EX7,Black,14,src/HeadlessDCGO.Engine/Assets/Scripts/CardEffect/EX7/Black,CardEffect.EX7.Black.Tests,CARDS-EX7-Black
EX7/Blue,EX7,Blue,11,src/HeadlessDCGO.Engine/Assets/Scripts/CardEffect/EX7/Blue,CardEffect.EX7.Blue.Tests,CARDS-EX7-Blue
EX7/Green,EX7,Green,11,src/HeadlessDCGO.Engine/Assets/Scripts/CardEffect/EX7/Green,CardEffect.EX7.Green.Tests,CARDS-EX7-Green
EX7/Purple,EX7,Purple,19,src/HeadlessDCGO.Engine/Assets/Scripts/CardEffect/EX7/Purple,CardEffect.EX7.Purple.Tests,CARDS-EX7-Purple
EX7/Red,EX7,Red,10,src/HeadlessDCGO.Engine/Assets/Scripts/CardEffect/EX7/Red,CardEffect.EX7.Red.Tests,CARDS-EX7-Red
EX7/Yellow,EX7,Yellow,11,src/HeadlessDCGO.Engine/Assets/Scripts/CardEffect/EX7/Yellow,CardEffect.EX7.Yellow.Tests,CARDS-EX7-Yellow
EX8/Black,EX8,Black,13,src/HeadlessDCGO.Engine/Assets/Scripts/CardEffect/EX8/Black,CardEffect.EX8.Black.Tests,CARDS-EX8-Black
EX8/Blue,EX8,Blue,16,src/HeadlessDCGO.Engine/Assets/Scripts/CardEffect/EX8/Blue,CardEffect.EX8.Blue.Tests,CARDS-EX8-Blue
EX8/Green,EX8,Green,11,src/HeadlessDCGO.Engine/Assets/Scripts/CardEffect/EX8/Green,CardEffect.EX8.Green.Tests,CARDS-EX8-Green
EX8/Purple,EX8,Purple,12,src/HeadlessDCGO.Engine/Assets/Scripts/CardEffect/EX8/Purple,CardEffect.EX8.Purple.Tests,CARDS-EX8-Purple
EX8/Red,EX8,Red,13,src/HeadlessDCGO.Engine/Assets/Scripts/CardEffect/EX8/Red,CardEffect.EX8.Red.Tests,CARDS-EX8-Red
EX8/Yellow,EX8,Yellow,10,src/HeadlessDCGO.Engine/Assets/Scripts/CardEffect/EX8/Yellow,CardEffect.EX8.Yellow.Tests,CARDS-EX8-Yellow
EX9/Black,EX9,Black,15,src/HeadlessDCGO.Engine/Assets/Scripts/CardEffect/EX9/Black,CardEffect.EX9.Black.Tests,CARDS-EX9-Black
EX9/Blue,EX9,Blue,10,src/HeadlessDCGO.Engine/Assets/Scripts/CardEffect/EX9/Blue,CardEffect.EX9.Blue.Tests,CARDS-EX9-Blue
EX9/Green,EX9,Green,13,src/HeadlessDCGO.Engine/Assets/Scripts/CardEffect/EX9/Green,CardEffect.EX9.Green.Tests,CARDS-EX9-Green
EX9/Purple,EX9,Purple,9,src/HeadlessDCGO.Engine/Assets/Scripts/CardEffect/EX9/Purple,CardEffect.EX9.Purple.Tests,CARDS-EX9-Purple
EX9/Red,EX9,Red,10,src/HeadlessDCGO.Engine/Assets/Scripts/CardEffect/EX9/Red,CardEffect.EX9.Red.Tests,CARDS-EX9-Red
EX9/White,EX9,White,3,src/HeadlessDCGO.Engine/Assets/Scripts/CardEffect/EX9/White,CardEffect.EX9.White.Tests,CARDS-EX9-White
EX9/Yellow,EX9,Yellow,14,src/HeadlessDCGO.Engine/Assets/Scripts/CardEffect/EX9/Yellow,CardEffect.EX9.Yellow.Tests,CARDS-EX9-Yellow
EX10/Black,EX10,Black,20,src/HeadlessDCGO.Engine/Assets/Scripts/CardEffect/EX10/Black,CardEffect.EX10.Black.Tests,CARDS-EX10-Black
EX10/Blue,EX10,Blue,1,src/HeadlessDCGO.Engine/Assets/Scripts/CardEffect/EX10/Blue,CardEffect.EX10.Blue.Tests,CARDS-EX10-Blue
EX10/Green,EX10,Green,10,src/HeadlessDCGO.Engine/Assets/Scripts/CardEffect/EX10/Green,CardEffect.EX10.Green.Tests,CARDS-EX10-Green
EX10/Purple,EX10,Purple,32,src/HeadlessDCGO.Engine/Assets/Scripts/CardEffect/EX10/Purple,CardEffect.EX10.Purple.Tests,CARDS-EX10-Purple
EX10/Red,EX10,Red,6,src/HeadlessDCGO.Engine/Assets/Scripts/CardEffect/EX10/Red,CardEffect.EX10.Red.Tests,CARDS-EX10-Red
EX10/White,EX10,White,3,src/HeadlessDCGO.Engine/Assets/Scripts/CardEffect/EX10/White,CardEffect.EX10.White.Tests,CARDS-EX10-White
EX10/Yellow,EX10,Yellow,2,src/HeadlessDCGO.Engine/Assets/Scripts/CardEffect/EX10/Yellow,CardEffect.EX10.Yellow.Tests,CARDS-EX10-Yellow
EX11/Black,EX11,Black,14,src/HeadlessDCGO.Engine/Assets/Scripts/CardEffect/EX11/Black,CardEffect.EX11.Black.Tests,CARDS-EX11-Black
EX11/Blue,EX11,Blue,9,src/HeadlessDCGO.Engine/Assets/Scripts/CardEffect/EX11/Blue,CardEffect.EX11.Blue.Tests,CARDS-EX11-Blue
EX11/Green,EX11,Green,18,src/HeadlessDCGO.Engine/Assets/Scripts/CardEffect/EX11/Green,CardEffect.EX11.Green.Tests,CARDS-EX11-Green
EX11/Purple,EX11,Purple,10,src/HeadlessDCGO.Engine/Assets/Scripts/CardEffect/EX11/Purple,CardEffect.EX11.Purple.Tests,CARDS-EX11-Purple
EX11/Red,EX11,Red,10,src/HeadlessDCGO.Engine/Assets/Scripts/CardEffect/EX11/Red,CardEffect.EX11.Red.Tests,CARDS-EX11-Red
EX11/White,EX11,White,4,src/HeadlessDCGO.Engine/Assets/Scripts/CardEffect/EX11/White,CardEffect.EX11.White.Tests,CARDS-EX11-White
EX11/Yellow,EX11,Yellow,9,src/HeadlessDCGO.Engine/Assets/Scripts/CardEffect/EX11/Yellow,CardEffect.EX11.Yellow.Tests,CARDS-EX11-Yellow
LM/Black,LM,Black,9,src/HeadlessDCGO.Engine/Assets/Scripts/CardEffect/LM/Black,CardEffect.LM.Black.Tests,CARDS-LM-Black
LM/Blue,LM,Blue,13,src/HeadlessDCGO.Engine/Assets/Scripts/CardEffect/LM/Blue,CardEffect.LM.Blue.Tests,CARDS-LM-Blue
LM/Green,LM,Green,13,src/HeadlessDCGO.Engine/Assets/Scripts/CardEffect/LM/Green,CardEffect.LM.Green.Tests,CARDS-LM-Green
LM/Purple,LM,Purple,10,src/HeadlessDCGO.Engine/Assets/Scripts/CardEffect/LM/Purple,CardEffect.LM.Purple.Tests,CARDS-LM-Purple
LM/Red,LM,Red,8,src/HeadlessDCGO.Engine/Assets/Scripts/CardEffect/LM/Red,CardEffect.LM.Red.Tests,CARDS-LM-Red
LM/White,LM,White,1,src/HeadlessDCGO.Engine/Assets/Scripts/CardEffect/LM/White,CardEffect.LM.White.Tests,CARDS-LM-White
LM/Yellow,LM,Yellow,8,src/HeadlessDCGO.Engine/Assets/Scripts/CardEffect/LM/Yellow,CardEffect.LM.Yellow.Tests,CARDS-LM-Yellow
P/Black,P,Black,35,src/HeadlessDCGO.Engine/Assets/Scripts/CardEffect/P/Black,CardEffect.P.Black.Tests,CARDS-P-Black
P/Blue,P,Blue,38,src/HeadlessDCGO.Engine/Assets/Scripts/CardEffect/P/Blue,CardEffect.P.Blue.Tests,CARDS-P-Blue
P/Green,P,Green,41,src/HeadlessDCGO.Engine/Assets/Scripts/CardEffect/P/Green,CardEffect.P.Green.Tests,CARDS-P-Green
P/Purple,P,Purple,29,src/HeadlessDCGO.Engine/Assets/Scripts/CardEffect/P/Purple,CardEffect.P.Purple.Tests,CARDS-P-Purple
P/Red,P,Red,40,src/HeadlessDCGO.Engine/Assets/Scripts/CardEffect/P/Red,CardEffect.P.Red.Tests,CARDS-P-Red
P/White,P,White,9,src/HeadlessDCGO.Engine/Assets/Scripts/CardEffect/P/White,CardEffect.P.White.Tests,CARDS-P-White
P/Yellow,P,Yellow,41,src/HeadlessDCGO.Engine/Assets/Scripts/CardEffect/P/Yellow,CardEffect.P.Yellow.Tests,CARDS-P-Yellow
RB1/Black,RB1,Black,2,src/HeadlessDCGO.Engine/Assets/Scripts/CardEffect/RB1/Black,CardEffect.RB1.Black.Tests,CARDS-RB1-Black
RB1/Blue,RB1,Blue,8,src/HeadlessDCGO.Engine/Assets/Scripts/CardEffect/RB1/Blue,CardEffect.RB1.Blue.Tests,CARDS-RB1-Blue
RB1/Green,RB1,Green,8,src/HeadlessDCGO.Engine/Assets/Scripts/CardEffect/RB1/Green,CardEffect.RB1.Green.Tests,CARDS-RB1-Green
RB1/Purple,RB1,Purple,4,src/HeadlessDCGO.Engine/Assets/Scripts/CardEffect/RB1/Purple,CardEffect.RB1.Purple.Tests,CARDS-RB1-Purple
RB1/Red,RB1,Red,6,src/HeadlessDCGO.Engine/Assets/Scripts/CardEffect/RB1/Red,CardEffect.RB1.Red.Tests,CARDS-RB1-Red
RB1/White,RB1,White,1,src/HeadlessDCGO.Engine/Assets/Scripts/CardEffect/RB1/White,CardEffect.RB1.White.Tests,CARDS-RB1-White
RB1/Yellow,RB1,Yellow,3,src/HeadlessDCGO.Engine/Assets/Scripts/CardEffect/RB1/Yellow,CardEffect.RB1.Yellow.Tests,CARDS-RB1-Yellow
ST1/Red,ST1,Red,12,src/HeadlessDCGO.Engine/Assets/Scripts/CardEffect/ST1/Red,CardEffect.ST1.Red.Tests,CARDS-ST1-Red
ST2/Blue,ST2,Blue,11,src/HeadlessDCGO.Engine/Assets/Scripts/CardEffect/ST2/Blue,CardEffect.ST2.Blue.Tests,CARDS-ST2-Blue
ST3/Yellow,ST3,Yellow,11,src/HeadlessDCGO.Engine/Assets/Scripts/CardEffect/ST3/Yellow,CardEffect.ST3.Yellow.Tests,CARDS-ST3-Yellow
ST4/Green,ST4,Green,10,src/HeadlessDCGO.Engine/Assets/Scripts/CardEffect/ST4/Green,CardEffect.ST4.Green.Tests,CARDS-ST4-Green
ST5/Black,ST5,Black,9,src/HeadlessDCGO.Engine/Assets/Scripts/CardEffect/ST5/Black,CardEffect.ST5.Black.Tests,CARDS-ST5-Black
ST6/Purple,ST6,Purple,10,src/HeadlessDCGO.Engine/Assets/Scripts/CardEffect/ST6/Purple,CardEffect.ST6.Purple.Tests,CARDS-ST6-Purple
ST7/Red,ST7,Red,12,src/HeadlessDCGO.Engine/Assets/Scripts/CardEffect/ST7/Red,CardEffect.ST7.Red.Tests,CARDS-ST7-Red
ST8/Blue,ST8,Blue,11,src/HeadlessDCGO.Engine/Assets/Scripts/CardEffect/ST8/Blue,CardEffect.ST8.Blue.Tests,CARDS-ST8-Blue
ST9/Blue,ST9,Blue,5,src/HeadlessDCGO.Engine/Assets/Scripts/CardEffect/ST9/Blue,CardEffect.ST9.Blue.Tests,CARDS-ST9-Blue
ST9/Green,ST9,Green,7,src/HeadlessDCGO.Engine/Assets/Scripts/CardEffect/ST9/Green,CardEffect.ST9.Green.Tests,CARDS-ST9-Green
ST10/Purple,ST10,Purple,8,src/HeadlessDCGO.Engine/Assets/Scripts/CardEffect/ST10/Purple,CardEffect.ST10.Purple.Tests,CARDS-ST10-Purple
ST10/Yellow,ST10,Yellow,4,src/HeadlessDCGO.Engine/Assets/Scripts/CardEffect/ST10/Yellow,CardEffect.ST10.Yellow.Tests,CARDS-ST10-Yellow
ST12/Black,ST12,Black,2,src/HeadlessDCGO.Engine/Assets/Scripts/CardEffect/ST12/Black,CardEffect.ST12.Black.Tests,CARDS-ST12-Black
ST12/Red,ST12,Red,8,src/HeadlessDCGO.Engine/Assets/Scripts/CardEffect/ST12/Red,CardEffect.ST12.Red.Tests,CARDS-ST12-Red
ST12/White,ST12,White,2,src/HeadlessDCGO.Engine/Assets/Scripts/CardEffect/ST12/White,CardEffect.ST12.White.Tests,CARDS-ST12-White
ST13/Black,ST13,Black,6,src/HeadlessDCGO.Engine/Assets/Scripts/CardEffect/ST13/Black,CardEffect.ST13.Black.Tests,CARDS-ST13-Black
ST13/Red,ST13,Red,6,src/HeadlessDCGO.Engine/Assets/Scripts/CardEffect/ST13/Red,CardEffect.ST13.Red.Tests,CARDS-ST13-Red
ST14/Purple,ST14,Purple,11,src/HeadlessDCGO.Engine/Assets/Scripts/CardEffect/ST14/Purple,CardEffect.ST14.Purple.Tests,CARDS-ST14-Purple
ST15/Black,ST15,Black,13,src/HeadlessDCGO.Engine/Assets/Scripts/CardEffect/ST15/Black,CardEffect.ST15.Black.Tests,CARDS-ST15-Black
ST16/Purple,ST16,Purple,14,src/HeadlessDCGO.Engine/Assets/Scripts/CardEffect/ST16/Purple,CardEffect.ST16.Purple.Tests,CARDS-ST16-Purple
ST17/Blue,ST17,Blue,1,src/HeadlessDCGO.Engine/Assets/Scripts/CardEffect/ST17/Blue,CardEffect.ST17.Blue.Tests,CARDS-ST17-Blue
ST17/Green,ST17,Green,12,src/HeadlessDCGO.Engine/Assets/Scripts/CardEffect/ST17/Green,CardEffect.ST17.Green.Tests,CARDS-ST17-Green
ST18/Green,ST18,Green,15,src/HeadlessDCGO.Engine/Assets/Scripts/CardEffect/ST18/Green,CardEffect.ST18.Green.Tests,CARDS-ST18-Green
ST19/Black,ST19,Black,1,src/HeadlessDCGO.Engine/Assets/Scripts/CardEffect/ST19/Black,CardEffect.ST19.Black.Tests,CARDS-ST19-Black
ST19/Yellow,ST19,Yellow,14,src/HeadlessDCGO.Engine/Assets/Scripts/CardEffect/ST19/Yellow,CardEffect.ST19.Yellow.Tests,CARDS-ST19-Yellow
ST20/Black,ST20,Black,5,src/HeadlessDCGO.Engine/Assets/Scripts/CardEffect/ST20/Black,CardEffect.ST20.Black.Tests,CARDS-ST20-Black
ST20/Green,ST20,Green,3,src/HeadlessDCGO.Engine/Assets/Scripts/CardEffect/ST20/Green,CardEffect.ST20.Green.Tests,CARDS-ST20-Green
ST20/Red,ST20,Red,4,src/HeadlessDCGO.Engine/Assets/Scripts/CardEffect/ST20/Red,CardEffect.ST20.Red.Tests,CARDS-ST20-Red
ST20/White,ST20,White,1,src/HeadlessDCGO.Engine/Assets/Scripts/CardEffect/ST20/White,CardEffect.ST20.White.Tests,CARDS-ST20-White
ST20/Yellow,ST20,Yellow,2,src/HeadlessDCGO.Engine/Assets/Scripts/CardEffect/ST20/Yellow,CardEffect.ST20.Yellow.Tests,CARDS-ST20-Yellow
ST21/Blue,ST21,Blue,4,src/HeadlessDCGO.Engine/Assets/Scripts/CardEffect/ST21/Blue,CardEffect.ST21.Blue.Tests,CARDS-ST21-Blue
ST21/Green,ST21,Green,3,src/HeadlessDCGO.Engine/Assets/Scripts/CardEffect/ST21/Green,CardEffect.ST21.Green.Tests,CARDS-ST21-Green
ST21/Purple,ST21,Purple,5,src/HeadlessDCGO.Engine/Assets/Scripts/CardEffect/ST21/Purple,CardEffect.ST21.Purple.Tests,CARDS-ST21-Purple
ST21/White,ST21,White,1,src/HeadlessDCGO.Engine/Assets/Scripts/CardEffect/ST21/White,CardEffect.ST21.White.Tests,CARDS-ST21-White
ST21/Yellow,ST21,Yellow,2,src/HeadlessDCGO.Engine/Assets/Scripts/CardEffect/ST21/Yellow,CardEffect.ST21.Yellow.Tests,CARDS-ST21-Yellow
ST22/Black,ST22,Black,1,src/HeadlessDCGO.Engine/Assets/Scripts/CardEffect/ST22/Black,CardEffect.ST22.Black.Tests,CARDS-ST22-Black
ST22/Blue,ST22,Blue,1,src/HeadlessDCGO.Engine/Assets/Scripts/CardEffect/ST22/Blue,CardEffect.ST22.Blue.Tests,CARDS-ST22-Blue
ST22/Green,ST22,Green,1,src/HeadlessDCGO.Engine/Assets/Scripts/CardEffect/ST22/Green,CardEffect.ST22.Green.Tests,CARDS-ST22-Green
ST22/Purple,ST22,Purple,1,src/HeadlessDCGO.Engine/Assets/Scripts/CardEffect/ST22/Purple,CardEffect.ST22.Purple.Tests,CARDS-ST22-Purple
ST22/Red,ST22,Red,2,src/HeadlessDCGO.Engine/Assets/Scripts/CardEffect/ST22/Red,CardEffect.ST22.Red.Tests,CARDS-ST22-Red
ST22/Yellow,ST22,Yellow,8,src/HeadlessDCGO.Engine/Assets/Scripts/CardEffect/ST22/Yellow,CardEffect.ST22.Yellow.Tests,CARDS-ST22-Yellow
ST23/Black,ST23,Black,3,src/HeadlessDCGO.Engine/Assets/Scripts/CardEffect/ST23/Black,CardEffect.ST23.Black.Tests,CARDS-ST23-Black
ST23/Green,ST23,Green,6,src/HeadlessDCGO.Engine/Assets/Scripts/CardEffect/ST23/Green,CardEffect.ST23.Green.Tests,CARDS-ST23-Green
ST23/Purple,ST23,Purple,1,src/HeadlessDCGO.Engine/Assets/Scripts/CardEffect/ST23/Purple,CardEffect.ST23.Purple.Tests,CARDS-ST23-Purple
ST23/White,ST23,White,1,src/HeadlessDCGO.Engine/Assets/Scripts/CardEffect/ST23/White,CardEffect.ST23.White.Tests,CARDS-ST23-White
ST23/Yellow,ST23,Yellow,4,src/HeadlessDCGO.Engine/Assets/Scripts/CardEffect/ST23/Yellow,CardEffect.ST23.Yellow.Tests,CARDS-ST23-Yellow
ST24/Blue,ST24,Blue,2,src/HeadlessDCGO.Engine/Assets/Scripts/CardEffect/ST24/Blue,CardEffect.ST24.Blue.Tests,CARDS-ST24-Blue
ST24/Green,ST24,Green,5,src/HeadlessDCGO.Engine/Assets/Scripts/CardEffect/ST24/Green,CardEffect.ST24.Green.Tests,CARDS-ST24-Green
ST24/Purple,ST24,Purple,1,src/HeadlessDCGO.Engine/Assets/Scripts/CardEffect/ST24/Purple,CardEffect.ST24.Purple.Tests,CARDS-ST24-Purple
ST24/White,ST24,White,1,src/HeadlessDCGO.Engine/Assets/Scripts/CardEffect/ST24/White,CardEffect.ST24.White.Tests,CARDS-ST24-White
ST24/Yellow,ST24,Yellow,6,src/HeadlessDCGO.Engine/Assets/Scripts/CardEffect/ST24/Yellow,CardEffect.ST24.Yellow.Tests,CARDS-ST24-Yellow
