매핑ID,단계,분류,원본_함수명,원본_위치,원본_의존성_성격,포팅_방식,현재_대표_API,현재_위치,상태,상태_의미,모델_확인_규칙,후속_작업,주의사항,근거
HFM-001,Phase 1,런타임/생명주기,GManager.Init,DCGO/Assets/Scripts/Script/GManager.cs,Unity 생명주기/매치 진행,역할기반_재설계,"DcgoMatch.InitializeAsync(MatchConfig, CancellationToken)",src/HeadlessDCGO.Engine/Headless/Runtime/DcgoMatch.cs:39,PORTED,구현됨: 현재 Headless 함수/API가 실제로 존재함,현재_위치 파일을 열어 현재_대표_API가 존재하는지 확인한다. 원본 함수명과 달라도 역할이 같으면 정상 매핑이다.,현재 API를 사용해 후속 포팅을 진행한다. 필요 시 테스트만 보강한다.,동일 함수명이 아니어도 누락으로 보지 말 것.,Top-level match initialization entry point.
HFM-002,Phase 1,런타임/생명주기,TurnStateMachine.Init,DCGO/Assets/Scripts/Script/TurnStateMachine.cs,Unity 생명주기/매치 진행,계약고정_후속구현,IHeadlessTurnController.Initialize(...) / InMemoryHeadlessTurnController.Initialize(...),"src/HeadlessDCGO.Engine/Headless/Runtime/IHeadlessTurnController.cs:10, src/HeadlessDCGO.Engine/Headless/Runtime/InMemoryHeadlessTurnController.cs:12",CONTRACT,계약 고정: API는 있으나 세부 게임 룰 구현은 이후 Phase에서 확장,현재 API는 계약으로 인정한다. 실제 룰/카드 효과의 완전 구현 여부는 후속 Phase/Goal 문서에서 별도로 확인한다.,후속 Phase에서 실제 게임 룰/카드 효과 의미를 이 계약 위에 구현한다.,계약 완료와 세부 룰 구현 완료를 혼동하지 말 것.,Initializes turn order and phase state without Unity lifecycle.
HFM-003,Phase 1,런타임/생명주기,GameStateMachine loop,DCGO/Assets/Scripts/Script/TurnStateMachine.cs,Unity 생명주기/매치 진행,역할기반_재설계,DcgoMatch.StepAsync(...),src/HeadlessDCGO.Engine/Headless/Runtime/DcgoMatch.cs:103,PORTED,구현됨: 현재 Headless 함수/API가 실제로 존재함,현재_위치 파일을 열어 현재_대표_API가 존재하는지 확인한다. 원본 함수명과 달라도 역할이 같으면 정상 매핑이다.,현재 API를 사용해 후속 포팅을 진행한다. 필요 시 테스트만 보강한다.,동일 함수명이 아니어도 누락으로 보지 말 것.,Public one-step match progression API.
HFM-004,Phase 1,런타임/생명주기,Update / frame loop,Unity MonoBehaviour methods,Unity 생명주기/매치 진행,역할기반_재설계,HeadlessGameLoop.StepAsync(...),src/HeadlessDCGO.Engine/Headless/Runtime/HeadlessGameLoop.cs:39,PORTED,구현됨: 현재 Headless 함수/API가 실제로 존재함,현재_위치 파일을 열어 현재_대표_API가 존재하는지 확인한다. 원본 함수명과 달라도 역할이 같으면 정상 매핑이다.,현재 API를 사용해 후속 포팅을 진행한다. 필요 시 테스트만 보강한다.,동일 함수명이 아니어도 누락으로 보지 말 것.,Explicit deterministic step replaces frame-driven update.
HFM-005,Phase 1,런타임/생명주기,Reset / match reset callbacks,Unity MonoBehaviour and game scripts,Unity 생명주기/매치 진행,역할기반_재설계,DcgoMatch.ResetAsync(...),src/HeadlessDCGO.Engine/Headless/Runtime/DcgoMatch.cs:81,PORTED,구현됨: 현재 Headless 함수/API가 실제로 존재함,현재_위치 파일을 열어 현재_대표_API가 존재하는지 확인한다. 원본 함수명과 달라도 역할이 같으면 정상 매핑이다.,현재 API를 사용해 후속 포팅을 진행한다. 필요 시 테스트만 보강한다.,동일 함수명이 아니어도 누락으로 보지 말 것.,Resets match-scoped services and current state.
HFM-006,Phase 1,런타임/생명주기,match-scoped service reset,"GameContext, Player, TurnStateMachine reset flows",Unity 생명주기/매치 진행,역할기반_재설계,EngineContext.ResetMatchState(),src/HeadlessDCGO.Engine/Headless/Bridge/EngineContext.cs:174,PORTED,구현됨: 현재 Headless 함수/API가 실제로 존재함,현재_위치 파일을 열어 현재_대표_API가 존재하는지 확인한다. 원본 함수명과 달라도 역할이 같으면 정상 매핑이다.,현재 API를 사용해 후속 포팅을 진행한다. 필요 시 테스트만 보강한다.,동일 함수명이 아니어도 누락으로 보지 말 것.,Calls resettable Headless services.
HFM-007,Phase 1,런타임/생명주기,"EndGame, SetLose, Surrender","TurnStateMachine.cs, Player.cs",Unity 생명주기/매치 진행,계약고정_후속구현,DcgoMatch.GetResult() / MatchResult,"src/HeadlessDCGO.Engine/Headless/Runtime/DcgoMatch.cs:264, src/HeadlessDCGO.Engine/Headless/Runtime/MatchResult.cs",CONTRACT,계약 고정: API는 있으나 세부 게임 룰 구현은 이후 Phase에서 확장,현재 API는 계약으로 인정한다. 실제 룰/카드 효과의 완전 구현 여부는 후속 Phase/Goal 문서에서 별도로 확인한다.,후속 Phase에서 실제 게임 룰/카드 효과 의미를 이 계약 위에 구현한다.,계약 완료와 세부 룰 구현 완료를 혼동하지 말 것.,Result model is fixed; full win/loss rules expand later.
HFM-008,Phase 1,런타임/생명주기,terminal state query,TurnStateMachine.endGame style checks,Unity 생명주기/매치 진행,역할기반_재설계,DcgoMatch.IsTerminal() / IRuleQueryService.IsTerminal(),"src/HeadlessDCGO.Engine/Headless/Runtime/DcgoMatch.cs:252, src/HeadlessDCGO.Engine/Headless/Services/IRuleQueryService.cs:10",PORTED,구현됨: 현재 Headless 함수/API가 실제로 존재함,현재_위치 파일을 열어 현재_대표_API가 존재하는지 확인한다. 원본 함수명과 달라도 역할이 같으면 정상 매핑이다.,현재 API를 사용해 후속 포팅을 진행한다. 필요 시 테스트만 보강한다.,동일 함수명이 아니어도 누락으로 보지 말 것.,Terminal query is service-based.
HFM-009,Phase 1,싱글톤/컴포넌트 접근,GManager.instance,DCGO/Assets/Scripts/Script/GManager.cs,전역 싱글톤/씬 컴포넌트 접근,역할기반_재설계,EngineContext,src/HeadlessDCGO.Engine/Headless/Bridge/EngineContext.cs:15,PORTED,구현됨: 현재 Headless 함수/API가 실제로 존재함,현재_위치 파일을 열어 현재_대표_API가 존재하는지 확인한다. 원본 함수명과 달라도 역할이 같으면 정상 매핑이다.,현재 API를 사용해 후속 포팅을 진행한다. 필요 시 테스트만 보강한다.,동일 함수명이 아니어도 누락으로 보지 말 것.,Root injected dependency container.
HFM-010,Phase 1,싱글톤/컴포넌트 접근,GManager.instance.turnStateMachine,"GManager.cs, TurnStateMachine.cs",전역 싱글톤/씬 컴포넌트 접근,임시브리지,GManagerBridge.GetTurnStateMachine(),src/HeadlessDCGO.Engine/Headless/Bridge/GManagerBridge.cs:30,BRIDGE,"임시 브리지: 기존 구조를 옮기기 위한 연결부, 새 코드는 직접 서비스 사용 권장",브리지는 임시 호환 계층이다. 새 구현은 가능한 경우 EngineContext나 직접 Headless 서비스로 연결한다.,장기적으로 직접 서비스 호출로 치환하고 브리지 의존을 줄인다.,브리지를 최종 API처럼 확장하지 말 것.,Temporary compatibility accessor. Prefer EngineContext.TurnController.
HFM-011,Phase 1,싱글톤/컴포넌트 접근,GManager.instance.autoProcessing,"GManager.cs, AutoProcessing.cs",전역 싱글톤/씬 컴포넌트 접근,임시브리지,GManagerBridge.GetAutoProcessing() / EngineContext.EffectScheduler,"src/HeadlessDCGO.Engine/Headless/Bridge/GManagerBridge.cs:35, src/HeadlessDCGO.Engine/Headless/Bridge/EngineContext.cs:75",BRIDGE,"임시 브리지: 기존 구조를 옮기기 위한 연결부, 새 코드는 직접 서비스 사용 권장",브리지는 임시 호환 계층이다. 새 구현은 가능한 경우 EngineContext나 직접 Headless 서비스로 연결한다.,장기적으로 직접 서비스 호출로 치환하고 브리지 의존을 줄인다.,브리지를 최종 API처럼 확장하지 말 것.,Maps auto-processing to effect scheduler contract.
HFM-012,Phase 1,싱글톤/컴포넌트 접근,GManager.instance.attackProcess,"GManager.cs, AttackProcess.cs",전역 싱글톤/씬 컴포넌트 접근,임시브리지,GManagerBridge.GetAttackProcess() / EngineContext.AttackController,"src/HeadlessDCGO.Engine/Headless/Bridge/GManagerBridge.cs:40, src/HeadlessDCGO.Engine/Headless/Bridge/EngineContext.cs:67",BRIDGE,"임시 브리지: 기존 구조를 옮기기 위한 연결부, 새 코드는 직접 서비스 사용 권장",브리지는 임시 호환 계층이다. 새 구현은 가능한 경우 EngineContext나 직접 Headless 서비스로 연결한다.,장기적으로 직접 서비스 호출로 치환하고 브리지 의존을 줄인다.,브리지를 최종 API처럼 확장하지 말 것.,Attack rules remain later Phase work; state contract exists.
HFM-013,Phase 1,싱글톤/컴포넌트 접근,GetComponent<T>(),Unity scene object scripts,전역 싱글톤/씬 컴포넌트 접근,역할기반_재설계,EngineContext.GetService<TService>(),src/HeadlessDCGO.Engine/Headless/Bridge/EngineContext.cs:107,PORTED,구현됨: 현재 Headless 함수/API가 실제로 존재함,현재_위치 파일을 열어 현재_대표_API가 존재하는지 확인한다. 원본 함수명과 달라도 역할이 같으면 정상 매핑이다.,현재 API를 사용해 후속 포팅을 진행한다. 필요 시 테스트만 보강한다.,동일 함수명이 아니어도 누락으로 보지 말 것.,Service lookup replaces scene component lookup.
HFM-014,Phase 1,싱글톤/컴포넌트 접근,dynamic service registration,Unity scene object composition,전역 싱글톤/씬 컴포넌트 접근,역할기반_재설계,EngineContext.RegisterService<TService>(...),src/HeadlessDCGO.Engine/Headless/Bridge/EngineContext.cs:148,PORTED,구현됨: 현재 Headless 함수/API가 실제로 존재함,현재_위치 파일을 열어 현재_대표_API가 존재하는지 확인한다. 원본 함수명과 달라도 역할이 같으면 정상 매핑이다.,현재 API를 사용해 후속 포팅을 진행한다. 필요 시 테스트만 보강한다.,동일 함수명이 아니어도 누락으로 보지 말 것.,Allows explicit test/runner injection.
HFM-015,Phase 1,싱글톤/컴포넌트 접근,missing service probe,GetComponent<T>() != null style checks,전역 싱글톤/씬 컴포넌트 접근,역할기반_재설계,EngineContext.TryGetService<TService>(out ...),src/HeadlessDCGO.Engine/Headless/Bridge/EngineContext.cs:128,PORTED,구현됨: 현재 Headless 함수/API가 실제로 존재함,현재_위치 파일을 열어 현재_대표_API가 존재하는지 확인한다. 원본 함수명과 달라도 역할이 같으면 정상 매핑이다.,현재 API를 사용해 후속 포팅을 진행한다. 필요 시 테스트만 보강한다.,동일 함수명이 아니어도 누락으로 보지 말 것.,No Unity null semantics.
HFM-016,Phase 1,싱글톤/컴포넌트 접근,ContinuousController.instance,DCGO/Assets/Scripts/Script/ContinuousController.cs,전역 싱글톤/씬 컴포넌트 접근,역할기반_재설계,ContinuousContext.Create(...) / ContinuousContext.FromMatchConfig(...),"src/HeadlessDCGO.Engine/Headless/Bridge/ContinuousContext.cs:98, src/HeadlessDCGO.Engine/Headless/Bridge/ContinuousContext.cs:127",PORTED,구현됨: 현재 Headless 함수/API가 실제로 존재함,현재_위치 파일을 열어 현재_대표_API가 존재하는지 확인한다. 원본 함수명과 달라도 역할이 같으면 정상 매핑이다.,현재 API를 사용해 후속 포팅을 진행한다. 필요 시 테스트만 보강한다.,동일 함수명이 아니어도 누락으로 보지 말 것.,Global runtime flags become immutable/context data.
HFM-017,Phase 1,싱글톤/컴포넌트 접근,PlayerPrefs.Get/Set for gameplay-affecting options,Unity preference usage,전역 싱글톤/씬 컴포넌트 접근,계약고정_후속구현,MatchConfig / ContinuousContext.ToMatchConfig(),src/HeadlessDCGO.Engine/Headless/Bridge/ContinuousContext.cs:148,CONTRACT,계약 고정: API는 있으나 세부 게임 룰 구현은 이후 Phase에서 확장,현재 API는 계약으로 인정한다. 실제 룰/카드 효과의 완전 구현 여부는 후속 Phase/Goal 문서에서 별도로 확인한다.,후속 Phase에서 실제 게임 룰/카드 효과 의미를 이 계약 위에 구현한다.,계약 완료와 세부 룰 구현 완료를 혼동하지 말 것.,Hidden preferences must become explicit config.
HFM-018,Phase 1,코루틴/시간 처리,StartCoroutine(IEnumerator),"GManager.cs, ContinuousController.cs, TurnStateMachine.cs, CardObjectController.cs",Unity 코루틴/프레임 시간,역할기반_재설계,EngineTaskRunner.Enqueue(IEngineTask),src/HeadlessDCGO.Engine/Headless/Coroutines/EngineTaskRunner.cs:9,PORTED,구현됨: 현재 Headless 함수/API가 실제로 존재함,현재_위치 파일을 열어 현재_대표_API가 존재하는지 확인한다. 원본 함수명과 달라도 역할이 같으면 정상 매핑이다.,현재 API를 사용해 후속 포팅을 진행한다. 필요 시 테스트만 보강한다.,동일 함수명이 아니어도 누락으로 보지 말 것.,Queue task for deterministic execution.
HFM-019,Phase 1,코루틴/시간 처리,immediate coroutine run,coroutine-heavy AS-IS flows,Unity 코루틴/프레임 시간,역할기반_재설계,"EngineTaskRunner.RunAsync(IEngineTask, CancellationToken)",src/HeadlessDCGO.Engine/Headless/Coroutines/EngineTaskRunner.cs:15,PORTED,구현됨: 현재 Headless 함수/API가 실제로 존재함,현재_위치 파일을 열어 현재_대표_API가 존재하는지 확인한다. 원본 함수명과 달라도 역할이 같으면 정상 매핑이다.,현재 API를 사용해 후속 포팅을 진행한다. 필요 시 테스트만 보강한다.,동일 함수명이 아니어도 누락으로 보지 말 것.,Run one task through the runner.
HFM-020,Phase 1,코루틴/시간 처리,one frame coroutine tick,Unity frame scheduler,Unity 코루틴/프레임 시간,역할기반_재설계,EngineTaskRunner.StepAsync(...),src/HeadlessDCGO.Engine/Headless/Coroutines/EngineTaskRunner.cs:21,PORTED,구현됨: 현재 Headless 함수/API가 실제로 존재함,현재_위치 파일을 열어 현재_대표_API가 존재하는지 확인한다. 원본 함수명과 달라도 역할이 같으면 정상 매핑이다.,현재 API를 사용해 후속 포팅을 진행한다. 필요 시 테스트만 보강한다.,동일 함수명이 아니어도 누락으로 보지 말 것.,Explicit scheduler step.
HFM-021,Phase 1,코루틴/시간 처리,run until coroutine queue drains,nested coroutine chains,Unity 코루틴/프레임 시간,역할기반_재설계,EngineTaskRunner.RunUntilIdleAsync(...),src/HeadlessDCGO.Engine/Headless/Coroutines/EngineTaskRunner.cs:54,PORTED,구현됨: 현재 Headless 함수/API가 실제로 존재함,현재_위치 파일을 열어 현재_대표_API가 존재하는지 확인한다. 원본 함수명과 달라도 역할이 같으면 정상 매핑이다.,현재 API를 사용해 후속 포팅을 진행한다. 필요 시 테스트만 보강한다.,동일 함수명이 아니어도 누락으로 보지 말 것.,Deterministic equivalent for queue drain.
HFM-022,Phase 1,코루틴/시간 처리,StopAllCoroutines / clear pending flows,coroutine owner cleanup,Unity 코루틴/프레임 시간,역할기반_재설계,EngineTaskRunner.Clear(),src/HeadlessDCGO.Engine/Headless/Coroutines/EngineTaskRunner.cs:69,PORTED,구현됨: 현재 Headless 함수/API가 실제로 존재함,현재_위치 파일을 열어 현재_대표_API가 존재하는지 확인한다. 원본 함수명과 달라도 역할이 같으면 정상 매핑이다.,현재 API를 사용해 후속 포팅을 진행한다. 필요 시 테스트만 보강한다.,동일 함수명이 아니어도 누락으로 보지 말 것.,Clears pending engine tasks.
HFM-023,Phase 1,코루틴/시간 처리,IEnumerator effect/action methods,"CardController.cs, AutoProcessing.cs, AttackProcess.cs, TurnStateMachine.cs",Unity 코루틴/프레임 시간,임시브리지,CoroutineAdapter.FromEnumerator(IEnumerator),src/HeadlessDCGO.Engine/Headless/Coroutines/CoroutineAdapter.cs:7,BRIDGE,"임시 브리지: 기존 구조를 옮기기 위한 연결부, 새 코드는 직접 서비스 사용 권장",브리지는 임시 호환 계층이다. 새 구현은 가능한 경우 EngineContext나 직접 Headless 서비스로 연결한다.,장기적으로 직접 서비스 호출로 치환하고 브리지 의존을 줄인다.,브리지를 최종 API처럼 확장하지 말 것.,Temporary adapter while IEnumerator logic is converted.
HFM-024,Phase 1,코루틴/시간 처리,WaitForSeconds,Unity coroutine waits,Unity 코루틴/프레임 시간,역할기반_재설계,EngineWaitCondition.Seconds(double) / Seconds(TimeSpan),"src/HeadlessDCGO.Engine/Headless/Coroutines/EngineWaitCondition.cs:25, src/HeadlessDCGO.Engine/Headless/Coroutines/EngineWaitCondition.cs:43",PORTED,구현됨: 현재 Headless 함수/API가 실제로 존재함,현재_위치 파일을 열어 현재_대표_API가 존재하는지 확인한다. 원본 함수명과 달라도 역할이 같으면 정상 매핑이다.,현재 API를 사용해 후속 포팅을 진행한다. 필요 시 테스트만 보강한다.,동일 함수명이 아니어도 누락으로 보지 말 것.,"Time is explicit condition, not Unity wall-clock frame wait."
HFM-025,Phase 1,코루틴/시간 처리,WaitUntil / WaitWhile,Unity coroutine waits,Unity 코루틴/프레임 시간,역할기반_재설계,EngineWaitCondition.Until(Func<bool>),src/HeadlessDCGO.Engine/Headless/Coroutines/EngineWaitCondition.cs:56,PORTED,구현됨: 현재 Headless 함수/API가 실제로 존재함,현재_위치 파일을 열어 현재_대표_API가 존재하는지 확인한다. 원본 함수명과 달라도 역할이 같으면 정상 매핑이다.,현재 API를 사용해 후속 포팅을 진행한다. 필요 시 테스트만 보강한다.,동일 함수명이 아니어도 누락으로 보지 말 것.,Predicate waits are explicit and deterministic.
HFM-026,Phase 1,코루틴/시간 처리,"Time.deltaTime, Time.time gameplay sequencing",Unity frame-time use,Unity 코루틴/프레임 시간,계약고정_후속구현,DcgoMatch.StepAsync(...) / HeadlessGameLoop.StepAsync(...),"src/HeadlessDCGO.Engine/Headless/Runtime/DcgoMatch.cs:103, src/HeadlessDCGO.Engine/Headless/Runtime/HeadlessGameLoop.cs:39",CONTRACT,계약 고정: API는 있으나 세부 게임 룰 구현은 이후 Phase에서 확장,현재 API는 계약으로 인정한다. 실제 룰/카드 효과의 완전 구현 여부는 후속 Phase/Goal 문서에서 별도로 확인한다.,후속 Phase에서 실제 게임 룰/카드 효과 의미를 이 계약 위에 구현한다.,계약 완료와 세부 룰 구현 완료를 혼동하지 말 것.,Gameplay progression is action/step based.
HFM-027,Phase 1,액션/턴/공격/메모리,QueueMainPhaseAction,"TurnStateMachine.cs, Player.cs",메인 액션/턴/공격/메모리 상태,역할기반_재설계,HeadlessActionQueue.Enqueue(LegalAction),src/HeadlessDCGO.Engine/Headless/Runtime/HeadlessActionQueue.cs:15,PORTED,구현됨: 현재 Headless 함수/API가 실제로 존재함,현재_위치 파일을 열어 현재_대표_API가 존재하는지 확인한다. 원본 함수명과 달라도 역할이 같으면 정상 매핑이다.,현재 API를 사용해 후속 포팅을 진행한다. 필요 시 테스트만 보강한다.,동일 함수명이 아니어도 누락으로 보지 말 것.,Queue legal action for later processing.
HFM-028,Phase 1,액션/턴/공격/메모리,DequeueMainPhaseAction,"TurnStateMachine.cs, Player.cs",메인 액션/턴/공격/메모리 상태,역할기반_재설계,HeadlessActionQueue.TryDequeue(out LegalAction?),src/HeadlessDCGO.Engine/Headless/Runtime/HeadlessActionQueue.cs:52,PORTED,구현됨: 현재 Headless 함수/API가 실제로 존재함,현재_위치 파일을 열어 현재_대표_API가 존재하는지 확인한다. 원본 함수명과 달라도 역할이 같으면 정상 매핑이다.,현재 API를 사용해 후속 포팅을 진행한다. 필요 시 테스트만 보강한다.,동일 함수명이 아니어도 누락으로 보지 말 것.,Dequeue next action.
HFM-029,Phase 1,액션/턴/공격/메모리,main phase action construction,"TurnStateMachine.cs, Player.cs",메인 액션/턴/공격/메모리 상태,역할기반_재설계,HeadlessActionFactory.Create(...),src/HeadlessDCGO.Engine/Headless/Runtime/HeadlessActionFactory.cs:9,PORTED,구현됨: 현재 Headless 함수/API가 실제로 존재함,현재_위치 파일을 열어 현재_대표_API가 존재하는지 확인한다. 원본 함수명과 달라도 역할이 같으면 정상 매핑이다.,현재 API를 사용해 후속 포팅을 진행한다. 필요 시 테스트만 보강한다.,동일 함수명이 아니어도 누락으로 보지 말 것.,Common LegalAction creation entry point.
HFM-030,Phase 1,액션/턴/공격/메모리,pass/no-op action,main phase command placeholder,메인 액션/턴/공격/메모리 상태,역할기반_재설계,"HeadlessActionFactory.NoOp(...), Pass(...)","src/HeadlessDCGO.Engine/Headless/Runtime/HeadlessActionFactory.cs:24, src/HeadlessDCGO.Engine/Headless/Runtime/HeadlessActionFactory.cs:29",PORTED,구현됨: 현재 Headless 함수/API가 실제로 존재함,현재_위치 파일을 열어 현재_대표_API가 존재하는지 확인한다. 원본 함수명과 달라도 역할이 같으면 정상 매핑이다.,현재 API를 사용해 후속 포팅을 진행한다. 필요 시 테스트만 보강한다.,동일 함수명이 아니어도 누락으로 보지 말 것.,Test and infrastructure actions.
HFM-031,Phase 1,액션/턴/공격/메모리,terminal action/result payload,"EndGame, SetLose, surrender flows",메인 액션/턴/공격/메모리 상태,계약고정_후속구현,HeadlessActionFactory.SetTerminalResult(...),src/HeadlessDCGO.Engine/Headless/Runtime/HeadlessActionFactory.cs:39,CONTRACT,계약 고정: API는 있으나 세부 게임 룰 구현은 이후 Phase에서 확장,현재 API는 계약으로 인정한다. 실제 룰/카드 효과의 완전 구현 여부는 후속 Phase/Goal 문서에서 별도로 확인한다.,후속 Phase에서 실제 게임 룰/카드 효과 의미를 이 계약 위에 구현한다.,계약 완료와 세부 룰 구현 완료를 혼동하지 말 것.,Used by metadata processor and tests.
HFM-032,Phase 1,액션/턴/공격/메모리,main phase action execution,"SetPlayCard, SetActSkill, SetAttackingPermaent, MainPhaseAction",메인 액션/턴/공격/메모리 상태,계약고정_후속구현,IActionProcessor.ProcessAsync(...) / MetadataActionProcessor.ProcessAsync(...),"src/HeadlessDCGO.Engine/Headless/Runtime/IActionProcessor.cs, src/HeadlessDCGO.Engine/Headless/Runtime/MetadataActionProcessor.cs:10",CONTRACT,계약 고정: API는 있으나 세부 게임 룰 구현은 이후 Phase에서 확장,현재 API는 계약으로 인정한다. 실제 룰/카드 효과의 완전 구현 여부는 후속 Phase/Goal 문서에서 별도로 확인한다.,후속 Phase에서 실제 게임 룰/카드 효과 의미를 이 계약 위에 구현한다.,계약 완료와 세부 룰 구현 완료를 혼동하지 말 것.,Concrete gameplay handlers are later Phase work.
HFM-033,Phase 1,액션/턴/공격/메모리,legal action query,"CanHatch, CanMove, CanPayCost, main phase command availability",메인 액션/턴/공격/메모리 상태,계약고정_후속구현,IRuleQueryService.GetLegalActions(...),src/HeadlessDCGO.Engine/Headless/Services/IRuleQueryService.cs:6,CONTRACT,계약 고정: API는 있으나 세부 게임 룰 구현은 이후 Phase에서 확장,현재 API는 계약으로 인정한다. 실제 룰/카드 효과의 완전 구현 여부는 후속 Phase/Goal 문서에서 별도로 확인한다.,후속 Phase에서 실제 게임 룰/카드 효과 의미를 이 계약 위에 구현한다.,계약 완료와 세부 룰 구현 완료를 혼동하지 말 것.,Rule availability surface is fixed.
HFM-034,Phase 1,액션/턴/공격/메모리,add/remove legal action in tests/porting,action availability setup,메인 액션/턴/공격/메모리 상태,역할기반_재설계,IHeadlessLegalActionController.AddLegalActions(...) / RemoveLegalAction(...) / ClearLegalActions(),"src/HeadlessDCGO.Engine/Headless/Services/IHeadlessLegalActionController.cs:6, src/HeadlessDCGO.Engine/Headless/Services/IHeadlessLegalActionController.cs:8, src/HeadlessDCGO.Engine/Headless/Services/IHeadlessLegalActionController.cs:10",PORTED,구현됨: 현재 Headless 함수/API가 실제로 존재함,현재_위치 파일을 열어 현재_대표_API가 존재하는지 확인한다. 원본 함수명과 달라도 역할이 같으면 정상 매핑이다.,현재 API를 사용해 후속 포팅을 진행한다. 필요 시 테스트만 보강한다.,동일 함수명이 아니어도 누락으로 보지 말 것.,Deterministic legal-action seed/control surface.
HFM-035,Phase 1,액션/턴/공격/메모리,phase advance,"SetMainPhase, EndPhase, phase branch changes",메인 액션/턴/공격/메모리 상태,계약고정_후속구현,InMemoryHeadlessTurnController.AdvancePhase(),src/HeadlessDCGO.Engine/Headless/Runtime/InMemoryHeadlessTurnController.cs:34,CONTRACT,계약 고정: API는 있으나 세부 게임 룰 구현은 이후 Phase에서 확장,현재 API는 계약으로 인정한다. 실제 룰/카드 효과의 완전 구현 여부는 후속 Phase/Goal 문서에서 별도로 확인한다.,후속 Phase에서 실제 게임 룰/카드 효과 의미를 이 계약 위에 구현한다.,계약 완료와 세부 룰 구현 완료를 혼동하지 말 것.,Phase sequence contract exists.
HFM-036,Phase 1,액션/턴/공격/메모리,end turn,EndTurn style flow,메인 액션/턴/공격/메모리 상태,계약고정_후속구현,InMemoryHeadlessTurnController.EndTurn(),src/HeadlessDCGO.Engine/Headless/Runtime/InMemoryHeadlessTurnController.cs:45,CONTRACT,계약 고정: API는 있으나 세부 게임 룰 구현은 이후 Phase에서 확장,현재 API는 계약으로 인정한다. 실제 룰/카드 효과의 완전 구현 여부는 후속 Phase/Goal 문서에서 별도로 확인한다.,후속 Phase에서 실제 게임 룰/카드 효과 의미를 이 계약 위에 구현한다.,계약 완료와 세부 룰 구현 완료를 혼동하지 말 것.,Turn rotation contract exists.
HFM-037,Phase 1,액션/턴/공격/메모리,direct phase set,Unity state machine phase assignment,메인 액션/턴/공격/메모리 상태,계약고정_후속구현,InMemoryHeadlessTurnController.SetPhase(HeadlessPhase),src/HeadlessDCGO.Engine/Headless/Runtime/InMemoryHeadlessTurnController.cs:61,CONTRACT,계약 고정: API는 있으나 세부 게임 룰 구현은 이후 Phase에서 확장,현재 API는 계약으로 인정한다. 실제 룰/카드 효과의 완전 구현 여부는 후속 Phase/Goal 문서에서 별도로 확인한다.,후속 Phase에서 실제 게임 룰/카드 효과 의미를 이 계약 위에 구현한다.,계약 완료와 세부 룰 구현 완료를 혼동하지 말 것.,For deterministic setup and transition tests.
HFM-038,Phase 1,액션/턴/공격/메모리,attack declaration,"AttackProcess.cs, attack command",메인 액션/턴/공격/메모리 상태,계약고정_후속구현,HeadlessActionFactory.DeclareAttack(...) / InMemoryHeadlessAttackController.DeclareAttack(...),"src/HeadlessDCGO.Engine/Headless/Runtime/HeadlessActionFactory.cs:197, src/HeadlessDCGO.Engine/Headless/Runtime/InMemoryHeadlessAttackController.cs:12",CONTRACT,계약 고정: API는 있으나 세부 게임 룰 구현은 이후 Phase에서 확장,현재 API는 계약으로 인정한다. 실제 룰/카드 효과의 완전 구현 여부는 후속 Phase/Goal 문서에서 별도로 확인한다.,후속 Phase에서 실제 게임 룰/카드 효과 의미를 이 계약 위에 구현한다.,계약 완료와 세부 룰 구현 완료를 혼동하지 말 것.,Full battle/security rules later.
HFM-039,Phase 1,액션/턴/공격/메모리,attack resolution,AttackProcess.cs,메인 액션/턴/공격/메모리 상태,계약고정_후속구현,HeadlessActionFactory.ResolveAttack(...) / InMemoryHeadlessAttackController.ResolveAttack(...),"src/HeadlessDCGO.Engine/Headless/Runtime/HeadlessActionFactory.cs:216, src/HeadlessDCGO.Engine/Headless/Runtime/InMemoryHeadlessAttackController.cs:34",CONTRACT,계약 고정: API는 있으나 세부 게임 룰 구현은 이후 Phase에서 확장,현재 API는 계약으로 인정한다. 실제 룰/카드 효과의 완전 구현 여부는 후속 Phase/Goal 문서에서 별도로 확인한다.,후속 Phase에서 실제 게임 룰/카드 효과 의미를 이 계약 위에 구현한다.,계약 완료와 세부 룰 구현 완료를 혼동하지 말 것.,Attack result contract exists.
HFM-040,Phase 1,액션/턴/공격/메모리,memory set/add/pay,memory gauge mutation in AS-IS runtime,메인 액션/턴/공격/메모리 상태,역할기반_재설계,"InMemoryHeadlessMemoryController.Set(...), Add(...), Pay(...)","src/HeadlessDCGO.Engine/Headless/Runtime/InMemoryHeadlessMemoryController.cs:26, src/HeadlessDCGO.Engine/Headless/Runtime/InMemoryHeadlessMemoryController.cs:32, src/HeadlessDCGO.Engine/Headless/Runtime/InMemoryHeadlessMemoryController.cs:42",PORTED,구현됨: 현재 Headless 함수/API가 실제로 존재함,현재_위치 파일을 열어 현재_대표_API가 존재하는지 확인한다. 원본 함수명과 달라도 역할이 같으면 정상 매핑이다.,현재 API를 사용해 후속 포팅을 진행한다. 필요 시 테스트만 보강한다.,동일 함수명이 아니어도 누락으로 보지 말 것.,Memory mutation is service controlled.
HFM-041,Phase 1,선택 UI/Choice,SelectCardEffect.SetUp(...) and related setup fields,DCGO/Assets/Scripts/Script/SelectCardEffect.cs,Unity UI 선택/클릭/RPC 대기,역할기반_재설계,ChoiceRequest(...),src/HeadlessDCGO.Engine/Headless/Choices/ChoiceRequest.cs:7,PORTED,구현됨: 현재 Headless 함수/API가 실제로 존재함,현재_위치 파일을 열어 현재_대표_API가 존재하는지 확인한다. 원본 함수명과 달라도 역할이 같으면 정상 매핑이다.,현재 API를 사용해 후속 포팅을 진행한다. 필요 시 테스트만 보강한다.,동일 함수명이 아니어도 누락으로 보지 말 것.,"Captures type, player, min/max, skip, zone, candidates."
HFM-042,Phase 1,선택 UI/Choice,SelectPermanentEffect.SetUp(...),SelectPermanentEffect.cs,Unity UI 선택/클릭/RPC 대기,역할기반_재설계,ChoiceRequest(...) / ChoiceCandidate(...),"src/HeadlessDCGO.Engine/Headless/Choices/ChoiceRequest.cs:7, src/HeadlessDCGO.Engine/Headless/Choices/ChoiceCandidate.cs:7",PORTED,구현됨: 현재 Headless 함수/API가 실제로 존재함,현재_위치 파일을 열어 현재_대표_API가 존재하는지 확인한다. 원본 함수명과 달라도 역할이 같으면 정상 매핑이다.,현재 API를 사용해 후속 포팅을 진행한다. 필요 시 테스트만 보강한다.,동일 함수명이 아니어도 누락으로 보지 말 것.,Permanent candidates become stable IDs.
HFM-043,Phase 1,선택 UI/Choice,SelectCountEffect selected count,SelectCountEffect.cs,Unity UI 선택/클릭/RPC 대기,역할기반_재설계,ChoiceResult.SelectCount(int),src/HeadlessDCGO.Engine/Headless/Choices/ChoiceResult.cs:57,PORTED,구현됨: 현재 Headless 함수/API가 실제로 존재함,현재_위치 파일을 열어 현재_대표_API가 존재하는지 확인한다. 원본 함수명과 달라도 역할이 같으면 정상 매핑이다.,현재 API를 사용해 후속 포팅을 진행한다. 필요 시 테스트만 보강한다.,동일 함수명이 아니어도 누락으로 보지 말 것.,Count selection result.
HFM-044,Phase 1,선택 UI/Choice,"_targetCards, _targetPermanents","SelectCardEffect.cs, SelectPermanentEffect.cs",Unity UI 선택/클릭/RPC 대기,역할기반_재설계,ChoiceResult.Select(...),"src/HeadlessDCGO.Engine/Headless/Choices/ChoiceResult.cs:46, src/HeadlessDCGO.Engine/Headless/Choices/ChoiceResult.cs:51",PORTED,구현됨: 현재 Headless 함수/API가 실제로 존재함,현재_위치 파일을 열어 현재_대표_API가 존재하는지 확인한다. 원본 함수명과 달라도 역할이 같으면 정상 매핑이다.,현재 API를 사용해 후속 포팅을 진행한다. 필요 시 테스트만 보강한다.,동일 함수명이 아니어도 누락으로 보지 말 것.,Selected target IDs.
HFM-045,Phase 1,선택 UI/Choice,no-selection / cancel,"canNoSelect, skip button",Unity UI 선택/클릭/RPC 대기,역할기반_재설계,ChoiceResult.Skip(),src/HeadlessDCGO.Engine/Headless/Choices/ChoiceResult.cs:41,PORTED,구현됨: 현재 Headless 함수/API가 실제로 존재함,현재_위치 파일을 열어 현재_대표_API가 존재하는지 확인한다. 원본 함수명과 달라도 역할이 같으면 정상 매핑이다.,현재 API를 사용해 후속 포팅을 진행한다. 필요 시 테스트만 보강한다.,동일 함수명이 아니어도 누락으로 보지 말 것.,Explicit skip result.
HFM-046,Phase 1,선택 UI/Choice,choice validation,UI-side selectable checks,Unity UI 선택/클릭/RPC 대기,역할기반_재설계,ChoiceResult.Validate(ChoiceRequest) / ThrowIfInvalid(...),"src/HeadlessDCGO.Engine/Headless/Choices/ChoiceResult.cs:62, src/HeadlessDCGO.Engine/Headless/Choices/ChoiceResult.cs:88",PORTED,구현됨: 현재 Headless 함수/API가 실제로 존재함,현재_위치 파일을 열어 현재_대표_API가 존재하는지 확인한다. 원본 함수명과 달라도 역할이 같으면 정상 매핑이다.,현재 API를 사용해 후속 포팅을 진행한다. 필요 시 테스트만 보강한다.,동일 함수명이 아니어도 누락으로 보지 말 것.,Enforces selected IDs/count against request.
HFM-047,Phase 1,선택 UI/Choice,"Activate(), WaitForEndSelect(), OnClick, EndSelect_RPC","Select*Effect.cs, UserSelectionManager.cs",Unity UI 선택/클릭/RPC 대기,역할기반_재설계,IChoiceProvider.ChooseAsync(...),src/HeadlessDCGO.Engine/Headless/Choices/IChoiceProvider.cs,PORTED,구현됨: 현재 Headless 함수/API가 실제로 존재함,현재_위치 파일을 열어 현재_대표_API가 존재하는지 확인한다. 원본 함수명과 달라도 역할이 같으면 정상 매핑이다.,현재 API를 사용해 후속 포팅을 진행한다. 필요 시 테스트만 보강한다.,동일 함수명이 아니어도 누락으로 보지 말 것.,UI wait/click/RPC becomes deterministic provider call.
HFM-048,Phase 1,선택 UI/Choice,queued scripted selection,"QueuePlayerSelection, DequeuePlayerSelection",Unity UI 선택/클릭/RPC 대기,역할기반_재설계,ScriptedChoiceProvider.Enqueue(...) / ChooseAsync(...),"src/HeadlessDCGO.Engine/Headless/Choices/ScriptedChoiceProvider.cs:25, src/HeadlessDCGO.Engine/Headless/Choices/ScriptedChoiceProvider.cs:36",PORTED,구현됨: 현재 Headless 함수/API가 실제로 존재함,현재_위치 파일을 열어 현재_대표_API가 존재하는지 확인한다. 원본 함수명과 달라도 역할이 같으면 정상 매핑이다.,현재 API를 사용해 후속 포팅을 진행한다. 필요 시 테스트만 보강한다.,동일 함수명이 아니어도 누락으로 보지 말 것.,Test/replay provider.
HFM-049,Phase 1,선택 UI/Choice,AI/policy choice,"IsAI, AI action queue",Unity UI 선택/클릭/RPC 대기,계약고정_후속구현,PolicyChoiceProvider.ChooseAsync(...),src/HeadlessDCGO.Engine/Headless/Choices/PolicyChoiceProvider.cs:12,CONTRACT,계약 고정: API는 있으나 세부 게임 룰 구현은 이후 Phase에서 확장,현재 API는 계약으로 인정한다. 실제 룰/카드 효과의 완전 구현 여부는 후속 Phase/Goal 문서에서 별도로 확인한다.,후속 Phase에서 실제 게임 룰/카드 효과 의미를 이 계약 위에 구현한다.,계약 완료와 세부 룰 구현 완료를 혼동하지 말 것.,Policy hook exists; final AI/RL adapter can plug in.
HFM-050,Phase 1,선택 UI/Choice,choice pause,UI modal blocks gameplay,Unity UI 선택/클릭/RPC 대기,역할기반_재설계,InMemoryHeadlessChoiceController.RequestChoice(...),src/HeadlessDCGO.Engine/Headless/Runtime/InMemoryHeadlessChoiceController.cs:12,PORTED,구현됨: 현재 Headless 함수/API가 실제로 존재함,현재_위치 파일을 열어 현재_대표_API가 존재하는지 확인한다. 원본 함수명과 달라도 역할이 같으면 정상 매핑이다.,현재 API를 사용해 후속 포팅을 진행한다. 필요 시 테스트만 보강한다.,동일 함수명이 아니어도 누락으로 보지 말 것.,Runtime pending choice state.
HFM-051,Phase 1,선택 UI/Choice,choice resume,selected result returns to effect/action,Unity UI 선택/클릭/RPC 대기,역할기반_재설계,InMemoryHeadlessChoiceController.ResolveChoice(...),src/HeadlessDCGO.Engine/Headless/Runtime/InMemoryHeadlessChoiceController.cs:43,PORTED,구현됨: 현재 Headless 함수/API가 실제로 존재함,현재_위치 파일을 열어 현재_대표_API가 존재하는지 확인한다. 원본 함수명과 달라도 역할이 같으면 정상 매핑이다.,현재 API를 사용해 후속 포팅을 진행한다. 필요 시 테스트만 보강한다.,동일 함수명이 아니어도 누락으로 보지 말 것.,Runtime choice resolution state.
HFM-052,Phase 1,선택 UI/Choice,clear pending choice,UI selection closed/reset,Unity UI 선택/클릭/RPC 대기,역할기반_재설계,InMemoryHeadlessChoiceController.ClearChoice(),src/HeadlessDCGO.Engine/Headless/Runtime/InMemoryHeadlessChoiceController.cs:70,PORTED,구현됨: 현재 Headless 함수/API가 실제로 존재함,현재_위치 파일을 열어 현재_대표_API가 존재하는지 확인한다. 원본 함수명과 달라도 역할이 같으면 정상 매핑이다.,현재 API를 사용해 후속 포팅을 진행한다. 필요 시 테스트만 보강한다.,동일 함수명이 아니어도 누락으로 보지 말 것.,Explicit pending choice cleanup.
HFM-053,Phase 1,존/카드상태/GameObject,"GameObject, Transform, Image, SetActive visual-only calls",Unity object scripts,GameObject/Transform 기반 카드 상태,제외,UnityNullObjectPolicy.Evaluate(...) / ShouldExclude(...),"src/HeadlessDCGO.Engine/Headless/Bridge/UnityNullObjectPolicy.cs:7, src/HeadlessDCGO.Engine/Headless/Bridge/UnityNullObjectPolicy.cs:43",EXCLUDED,제외: 시각/UI/클라이언트 전용이라 Headless 런타임에 넣지 않음,Headless core에 구현하지 않는 것이 올바른 상태다. 게임 상태 영향이 새로 발견될 때만 별도 매핑을 만든다.,포팅하지 않는다. 문서상 제외 근거만 유지한다.,시각/UI/오디오/카메라 기능을 Headless runtime에 넣지 말 것.,Visual-only objects are no-op/excluded unless gameplay service replacement is required.
HFM-054,Phase 1,존/카드상태/GameObject,"SetParent, sibling index/order",card object hierarchy,GameObject/Transform 기반 카드 상태,역할기반_재설계,"ZoneState.InsertTop(...), InsertBottom(...), InsertAt(...)","src/HeadlessDCGO.Engine/Headless/State/ZoneState.cs:101, src/HeadlessDCGO.Engine/Headless/State/ZoneState.cs:108, src/HeadlessDCGO.Engine/Headless/State/ZoneState.cs:115",PORTED,구현됨: 현재 Headless 함수/API가 실제로 존재함,현재_위치 파일을 열어 현재_대표_API가 존재하는지 확인한다. 원본 함수명과 달라도 역할이 같으면 정상 매핑이다.,현재 API를 사용해 후속 포팅을 진행한다. 필요 시 테스트만 보강한다.,동일 함수명이 아니어도 누락으로 보지 말 것.,Ordered zone collection replaces transform hierarchy.
HFM-055,Phase 1,존/카드상태/GameObject,remove card object from area,"CardObjectController, Player zones",GameObject/Transform 기반 카드 상태,역할기반_재설계,ZoneState.Remove(...),src/HeadlessDCGO.Engine/Headless/State/ZoneState.cs:130,PORTED,구현됨: 현재 Headless 함수/API가 실제로 존재함,현재_위치 파일을 열어 현재_대표_API가 존재하는지 확인한다. 원본 함수명과 달라도 역할이 같으면 정상 매핑이다.,현재 API를 사용해 후속 포팅을 진행한다. 필요 시 테스트만 보강한다.,동일 함수명이 아니어도 누락으로 보지 말 것.,Pure data mutation.
HFM-056,Phase 1,존/카드상태/GameObject,move card between zones,"RemoveFromAllArea, MovePermanent, zone object moves",GameObject/Transform 기반 카드 상태,역할기반_재설계,IZoneMover.MoveAsync(...) / InMemoryZoneMover.MoveAsync(...),"src/HeadlessDCGO.Engine/Headless/Services/IZoneMover.cs:9, src/HeadlessDCGO.Engine/Headless/Services/InMemoryZoneMover.cs:53",PORTED,구현됨: 현재 Headless 함수/API가 실제로 존재함,현재_위치 파일을 열어 현재_대표_API가 존재하는지 확인한다. 원본 함수명과 달라도 역할이 같으면 정상 매핑이다.,현재 API를 사용해 후속 포팅을 진행한다. 필요 시 테스트만 보강한다.,동일 함수명이 아니어도 누락으로 보지 말 것.,Main zone movement API.
HFM-057,Phase 1,존/카드상태/GameObject,AddHandCard,"Player.cs, CardObjectController.cs",GameObject/Transform 기반 카드 상태,역할기반_재설계,InMemoryZoneMover.AddToHandAsync(...),src/HeadlessDCGO.Engine/Headless/Services/InMemoryZoneMover.cs:61,PORTED,구현됨: 현재 Headless 함수/API가 실제로 존재함,현재_위치 파일을 열어 현재_대표_API가 존재하는지 확인한다. 원본 함수명과 달라도 역할이 같으면 정상 매핑이다.,현재 API를 사용해 후속 포팅을 진행한다. 필요 시 테스트만 보강한다.,동일 함수명이 아니어도 누락으로 보지 말 것.,Adds card to hand zone.
HFM-058,Phase 1,존/카드상태/GameObject,AddTrashCard,"Player.cs, CardObjectController.cs",GameObject/Transform 기반 카드 상태,역할기반_재설계,InMemoryZoneMover.AddToTrashAsync(...),src/HeadlessDCGO.Engine/Headless/Services/InMemoryZoneMover.cs:69,PORTED,구현됨: 현재 Headless 함수/API가 실제로 존재함,현재_위치 파일을 열어 현재_대표_API가 존재하는지 확인한다. 원본 함수명과 달라도 역할이 같으면 정상 매핑이다.,현재 API를 사용해 후속 포팅을 진행한다. 필요 시 테스트만 보강한다.,동일 함수명이 아니어도 누락으로 보지 말 것.,Adds card to trash zone.
HFM-059,Phase 1,존/카드상태/GameObject,AddSecurityCard,"Player.cs, security flows",GameObject/Transform 기반 카드 상태,역할기반_재설계,InMemoryZoneMover.AddToSecurityAsync(...),src/HeadlessDCGO.Engine/Headless/Services/InMemoryZoneMover.cs:77,PORTED,구현됨: 현재 Headless 함수/API가 실제로 존재함,현재_위치 파일을 열어 현재_대표_API가 존재하는지 확인한다. 원본 함수명과 달라도 역할이 같으면 정상 매핑이다.,현재 API를 사용해 후속 포팅을 진행한다. 필요 시 테스트만 보강한다.,동일 함수명이 아니어도 누락으로 보지 말 것.,Adds card to security zone.
HFM-060,Phase 1,존/카드상태/GameObject,draw from deck/library,"Draw, library top moves",GameObject/Transform 기반 카드 상태,역할기반_재설계,InMemoryZoneMover.DrawAsync(...),src/HeadlessDCGO.Engine/Headless/Services/InMemoryZoneMover.cs:101,PORTED,구현됨: 현재 Headless 함수/API가 실제로 존재함,현재_위치 파일을 열어 현재_대표_API가 존재하는지 확인한다. 원본 함수명과 달라도 역할이 같으면 정상 매핑이다.,현재 API를 사용해 후속 포팅을 진행한다. 필요 시 테스트만 보강한다.,동일 함수명이 아니어도 누락으로 보지 말 것.,Draws deterministic top cards.
HFM-061,Phase 1,존/카드상태/GameObject,add security from library,security setup/recovery flows,GameObject/Transform 기반 카드 상태,역할기반_재설계,InMemoryZoneMover.AddSecurityFromLibraryAsync(...),src/HeadlessDCGO.Engine/Headless/Services/InMemoryZoneMover.cs:117,PORTED,구현됨: 현재 Headless 함수/API가 실제로 존재함,현재_위치 파일을 열어 현재_대표_API가 존재하는지 확인한다. 원본 함수명과 달라도 역할이 같으면 정상 매핑이다.,현재 API를 사용해 후속 포팅을 진행한다. 필요 시 테스트만 보강한다.,동일 함수명이 아니어도 누락으로 보지 말 것.,Moves from library to security.
HFM-062,Phase 1,존/카드상태/GameObject,trash security,security check/trash flows,GameObject/Transform 기반 카드 상태,역할기반_재설계,InMemoryZoneMover.TrashSecurityAsync(...),src/HeadlessDCGO.Engine/Headless/Services/InMemoryZoneMover.cs:134,PORTED,구현됨: 현재 Headless 함수/API가 실제로 존재함,현재_위치 파일을 열어 현재_대표_API가 존재하는지 확인한다. 원본 함수명과 달라도 역할이 같으면 정상 매핑이다.,현재 API를 사용해 후속 포팅을 진행한다. 필요 시 테스트만 보강한다.,동일 함수명이 아니어도 누락으로 보지 말 것.,Moves security cards to trash.
HFM-063,Phase 1,존/카드상태/GameObject,hatch digitama,breeding area setup,GameObject/Transform 기반 카드 상태,역할기반_재설계,InMemoryZoneMover.HatchDigitamaAsync(...),src/HeadlessDCGO.Engine/Headless/Services/InMemoryZoneMover.cs:163,PORTED,구현됨: 현재 Headless 함수/API가 실제로 존재함,현재_위치 파일을 열어 현재_대표_API가 존재하는지 확인한다. 원본 함수명과 달라도 역할이 같으면 정상 매핑이다.,현재 API를 사용해 후속 포팅을 진행한다. 필요 시 테스트만 보강한다.,동일 함수명이 아니어도 누락으로 보지 말 것.,Moves digitama to breeding.
HFM-064,Phase 1,존/카드상태/GameObject,move breeding to battle,raising phase movement,GameObject/Transform 기반 카드 상태,역할기반_재설계,InMemoryZoneMover.MoveBreedingToBattleAsync(...),src/HeadlessDCGO.Engine/Headless/Services/InMemoryZoneMover.cs:181,PORTED,구현됨: 현재 Headless 함수/API가 실제로 존재함,현재_위치 파일을 열어 현재_대표_API가 존재하는지 확인한다. 원본 함수명과 달라도 역할이 같으면 정상 매핑이다.,현재 API를 사용해 후속 포팅을 진행한다. 필요 시 테스트만 보강한다.,동일 함수명이 아니어도 누락으로 보지 말 것.,Moves breeding card(s) to battle.
HFM-065,Phase 1,존/카드상태/GameObject,shuffle deck/library,"Shuffle, GameRandom, deck randomization",GameObject/Transform 기반 카드 상태,역할기반_재설계,InMemoryZoneMover.ShuffleAsync(...) / GameRandomSource.Shuffle<T>(...),"src/HeadlessDCGO.Engine/Headless/Services/InMemoryZoneMover.cs:201, src/HeadlessDCGO.Engine/Headless/Services/GameRandomSource.cs:60",PORTED,구현됨: 현재 Headless 함수/API가 실제로 존재함,현재_위치 파일을 열어 현재_대표_API가 존재하는지 확인한다. 원본 함수명과 달라도 역할이 같으면 정상 매핑이다.,현재 API를 사용해 후속 포팅을 진행한다. 필요 시 테스트만 보강한다.,동일 함수명이 아니어도 누락으로 보지 말 것.,Seeded shuffle.
HFM-066,Phase 1,존/카드상태/GameObject,suspended/revealed/card flags,"CardController, CardObjectController, Permanent state",GameObject/Transform 기반 카드 상태,계약고정_후속구현,"CardInstanceState.Suspend(), Unsuspend(), Reveal(), Hide(), SetFlag(...)","src/HeadlessDCGO.Engine/Headless/State/CardInstanceState.cs:75, src/HeadlessDCGO.Engine/Headless/State/CardInstanceState.cs:80, src/HeadlessDCGO.Engine/Headless/State/CardInstanceState.cs:85, src/HeadlessDCGO.Engine/Headless/State/CardInstanceState.cs:90, src/HeadlessDCGO.Engine/Headless/State/CardInstanceState.cs:153",CONTRACT,계약 고정: API는 있으나 세부 게임 룰 구현은 이후 Phase에서 확장,현재 API는 계약으로 인정한다. 실제 룰/카드 효과의 완전 구현 여부는 후속 Phase/Goal 문서에서 별도로 확인한다.,후속 Phase에서 실제 게임 룰/카드 효과 의미를 이 계약 위에 구현한다.,계약 완료와 세부 룰 구현 완료를 혼동하지 말 것.,Data state exists; full rule semantics later.
HFM-067,Phase 1,데이터 로딩,"Resources.Load, Resources.LoadAll for gameplay card data",Unity Resources usage,Unity Resources/ScriptableObject/Asset 로딩,역할기반_재설계,CardAssetJsonLoader.LoadFile(...) / LoadDirectory(...),"src/HeadlessDCGO.Engine/Headless/DataLoading/CardAssetJsonLoader.cs:65, src/HeadlessDCGO.Engine/Headless/DataLoading/CardAssetJsonLoader.cs:106",PORTED,구현됨: 현재 Headless 함수/API가 실제로 존재함,현재_위치 파일을 열어 현재_대표_API가 존재하는지 확인한다. 원본 함수명과 달라도 역할이 같으면 정상 매핑이다.,현재 API를 사용해 후속 포팅을 진행한다. 필요 시 테스트만 보강한다.,동일 함수명이 아니어도 누락으로 보지 말 것.,Loads converted card JSON without Unity runtime.
HFM-068,Phase 1,데이터 로딩,async file load,future runner/data pipeline,Unity Resources/ScriptableObject/Asset 로딩,역할기반_재설계,CardAssetJsonLoader.LoadFileAsync(...),src/HeadlessDCGO.Engine/Headless/DataLoading/CardAssetJsonLoader.cs:84,PORTED,구현됨: 현재 Headless 함수/API가 실제로 존재함,현재_위치 파일을 열어 현재_대표_API가 존재하는지 확인한다. 원본 함수명과 달라도 역할이 같으면 정상 매핑이다.,현재 API를 사용해 후속 포팅을 진행한다. 필요 시 테스트만 보강한다.,동일 함수명이 아니어도 누락으로 보지 말 것.,Async loader contract.
HFM-069,Phase 1,데이터 로딩,load card directory into DB,Unity asset database replacement,Unity Resources/ScriptableObject/Asset 로딩,역할기반_재설계,CardAssetJsonLoader.LoadDirectoryInto(...),src/HeadlessDCGO.Engine/Headless/DataLoading/CardAssetJsonLoader.cs:127,PORTED,구현됨: 현재 Headless 함수/API가 실제로 존재함,현재_위치 파일을 열어 현재_대표_API가 존재하는지 확인한다. 원본 함수명과 달라도 역할이 같으면 정상 매핑이다.,현재 API를 사용해 후속 포팅을 진행한다. 필요 시 테스트만 보강한다.,동일 함수명이 아니어도 누락으로 보지 말 것.,Populates CardDatabase.
HFM-070,Phase 1,데이터 로딩,CEntity_Base / CardBaseEntity definition lookup,"DCGO/Assets/CardBaseEntity, CardObjectController.cs",Unity Resources/ScriptableObject/Asset 로딩,역할기반_재설계,"CardDatabase.Upsert(...), TryGetCard(...), GetCard(...), Query(...)","src/HeadlessDCGO.Engine/Headless/DataLoading/CardDatabase.cs:11, src/HeadlessDCGO.Engine/Headless/DataLoading/CardDatabase.cs:26, src/HeadlessDCGO.Engine/Headless/DataLoading/CardDatabase.cs:31, src/HeadlessDCGO.Engine/Headless/DataLoading/CardDatabase.cs:36",PORTED,구현됨: 현재 Headless 함수/API가 실제로 존재함,현재_위치 파일을 열어 현재_대표_API가 존재하는지 확인한다. 원본 함수명과 달라도 역할이 같으면 정상 매핑이다.,현재 API를 사용해 후속 포팅을 진행한다. 필요 시 테스트만 보강한다.,동일 함수명이 아니어도 누락으로 보지 말 것.,Queryable card definition source.
HFM-071,Phase 1,데이터 로딩,deck code/file load,"ContinuousController, deck UI/load helpers",Unity Resources/ScriptableObject/Asset 로딩,역할기반_재설계,"DeckListLoader.LoadFile(...), ParseCode(...), LoadLines(...)","src/HeadlessDCGO.Engine/Headless/DataLoading/DeckListLoader.cs:7, src/HeadlessDCGO.Engine/Headless/DataLoading/DeckListLoader.cs:38, src/HeadlessDCGO.Engine/Headless/DataLoading/DeckListLoader.cs:44",PORTED,구현됨: 현재 Headless 함수/API가 실제로 존재함,현재_위치 파일을 열어 현재_대표_API가 존재하는지 확인한다. 원본 함수명과 달라도 역할이 같으면 정상 매핑이다.,현재 API를 사용해 후속 포팅을 진행한다. 필요 시 테스트만 보강한다.,동일 함수명이 아니어도 누락으로 보지 말 것.,Unity-free deck list loading.
HFM-072,Phase 1,데이터 로딩,banlist option/data load,"ContinuousController, gameplay options",Unity Resources/ScriptableObject/Asset 로딩,역할기반_재설계,"BanlistLoader.LoadFile(...), ParseCode(...), LoadLines(...)","src/HeadlessDCGO.Engine/Headless/DataLoading/BanlistLoader.cs:7, src/HeadlessDCGO.Engine/Headless/DataLoading/BanlistLoader.cs:38, src/HeadlessDCGO.Engine/Headless/DataLoading/BanlistLoader.cs:44",PORTED,구현됨: 현재 Headless 함수/API가 실제로 존재함,현재_위치 파일을 열어 현재_대표_API가 존재하는지 확인한다. 원본 함수명과 달라도 역할이 같으면 정상 매핑이다.,현재 API를 사용해 후속 포팅을 진행한다. 필요 시 테스트만 보강한다.,동일 함수명이 아니어도 누락으로 보지 말 것.,Unity-free banlist loading.
HFM-073,Phase 1,데이터 로딩,deck legality checks,UI/deck validation flows,Unity Resources/ScriptableObject/Asset 로딩,계약고정_후속구현,DeckValidator.Validate(...),src/HeadlessDCGO.Engine/Headless/DataLoading/DeckValidator.cs:10,CONTRACT,계약 고정: API는 있으나 세부 게임 룰 구현은 이후 Phase에서 확장,현재 API는 계약으로 인정한다. 실제 룰/카드 효과의 완전 구현 여부는 후속 Phase/Goal 문서에서 별도로 확인한다.,후속 Phase에서 실제 게임 룰/카드 효과 의미를 이 계약 위에 구현한다.,계약 완료와 세부 룰 구현 완료를 혼동하지 말 것.,Validation exists; game-format rules can expand later.
HFM-074,Phase 1,효과/타이밍/Hashtable,"Hashtable, GetFromHashtable, HashtableSetting effect payloads","CardEffectCommons.cs, effect scripts",Hashtable/AutoProcessing/Effect timing,역할기반_재설계,EffectContext(...),"src/HeadlessDCGO.Engine/Headless/Effects/EffectContext.cs:8, src/HeadlessDCGO.Engine/Headless/Effects/EffectContext.cs:22",PORTED,구현됨: 현재 Headless 함수/API가 실제로 존재함,현재_위치 파일을 열어 현재_대표_API가 존재하는지 확인한다. 원본 함수명과 달라도 역할이 같으면 정상 매핑이다.,현재 API를 사용해 후속 포팅을 진행한다. 필요 시 테스트만 보강한다.,동일 함수명이 아니어도 누락으로 보지 말 것.,Typed context plus metadata dictionary.
HFM-075,Phase 1,효과/타이밍/Hashtable,"SkillInfo, effect activation request","AutoProcessing.cs, MultipleSkills.cs, CardEffectFactory.cs",Hashtable/AutoProcessing/Effect timing,역할기반_재설계,EffectRequest(...),src/HeadlessDCGO.Engine/Headless/Effects/EffectRequest.cs:7,PORTED,구현됨: 현재 Headless 함수/API가 실제로 존재함,현재_위치 파일을 열어 현재_대표_API가 존재하는지 확인한다. 원본 함수명과 달라도 역할이 같으면 정상 매핑이다.,현재 API를 사용해 후속 포팅을 진행한다. 필요 시 테스트만 보강한다.,동일 함수명이 아니어도 누락으로 보지 말 것.,One queued effect activation request.
HFM-076,Phase 1,효과/타이밍/Hashtable,"StackedSkillInfos, PutStackedSkill, queued skills","AutoProcessing.cs, MultipleSkills.cs",Hashtable/AutoProcessing/Effect timing,역할기반_재설계,"EffectResolutionQueue.Enqueue(...), TryPeek(...), TryDequeue(...)","src/HeadlessDCGO.Engine/Headless/Effects/EffectResolutionQueue.cs:9, src/HeadlessDCGO.Engine/Headless/Effects/EffectResolutionQueue.cs:15, src/HeadlessDCGO.Engine/Headless/Effects/EffectResolutionQueue.cs:27",PORTED,구현됨: 현재 Headless 함수/API가 실제로 존재함,현재_위치 파일을 열어 현재_대표_API가 존재하는지 확인한다. 원본 함수명과 달라도 역할이 같으면 정상 매핑이다.,현재 API를 사용해 후속 포팅을 진행한다. 필요 시 테스트만 보강한다.,동일 함수명이 아니어도 누락으로 보지 말 것.,Deterministic queue contract.
HFM-077,Phase 1,효과/타이밍/Hashtable,"AutoProcessCheck, RuleProcess, TriggeredSkillProcess, ActivateBackgroundEffects",AutoProcessing.cs,Hashtable/AutoProcessing/Effect timing,계약고정_후속구현,"EffectScheduler.Enqueue(...), ResolveNextAsync(...), ResolveAllAsync(...)","src/HeadlessDCGO.Engine/Headless/Effects/EffectScheduler.cs:31, src/HeadlessDCGO.Engine/Headless/Effects/EffectScheduler.cs:53, src/HeadlessDCGO.Engine/Headless/Effects/EffectScheduler.cs:104",CONTRACT,계약 고정: API는 있으나 세부 게임 룰 구현은 이후 Phase에서 확장,현재 API는 계약으로 인정한다. 실제 룰/카드 효과의 완전 구현 여부는 후속 Phase/Goal 문서에서 별도로 확인한다.,후속 Phase에서 실제 게임 룰/카드 효과 의미를 이 계약 위에 구현한다.,계약 완료와 세부 룰 구현 완료를 혼동하지 말 것.,Queue and scheduling contract exists; real effect bodies later.
HFM-078,Phase 1,효과/타이밍/Hashtable,effect lookup by timing,"AutoProcessing.cs, effect factory/discovery",Hashtable/AutoProcessing/Effect timing,역할기반_재설계,IEffectQueryService.GetEffectsForTiming(...) / InMemoryEffectQueryService.GetEffectsForTiming(...),"src/HeadlessDCGO.Engine/Headless/Services/IEffectQueryService.cs, src/HeadlessDCGO.Engine/Headless/Services/InMemoryEffectQueryService.cs:15",PORTED,구현됨: 현재 Headless 함수/API가 실제로 존재함,현재_위치 파일을 열어 현재_대표_API가 존재하는지 확인한다. 원본 함수명과 달라도 역할이 같으면 정상 매핑이다.,현재 API를 사용해 후속 포팅을 진행한다. 필요 시 테스트만 보강한다.,동일 함수명이 아니어도 누락으로 보지 말 것.,Timing-based effect query surface.
HFM-079,Phase 1,효과/타이밍/Hashtable,continuous effect query,"ContinuousController, permanent effect lists",Hashtable/AutoProcessing/Effect timing,역할기반_재설계,InMemoryEffectQueryService.GetContinuousEffects(...),src/HeadlessDCGO.Engine/Headless/Services/InMemoryEffectQueryService.cs:25,PORTED,구현됨: 현재 Headless 함수/API가 실제로 존재함,현재_위치 파일을 열어 현재_대표_API가 존재하는지 확인한다. 원본 함수명과 달라도 역할이 같으면 정상 매핑이다.,현재 API를 사용해 후속 포팅을 진행한다. 필요 시 테스트만 보강한다.,동일 함수명이 아니어도 누락으로 보지 말 것.,Role-specific query.
HFM-080,Phase 1,효과/타이밍/Hashtable,replacement effect query,replacement effects,Hashtable/AutoProcessing/Effect timing,역할기반_재설계,InMemoryEffectQueryService.GetReplacementEffects(...),src/HeadlessDCGO.Engine/Headless/Services/InMemoryEffectQueryService.cs:31,PORTED,구현됨: 현재 Headless 함수/API가 실제로 존재함,현재_위치 파일을 열어 현재_대표_API가 존재하는지 확인한다. 원본 함수명과 달라도 역할이 같으면 정상 매핑이다.,현재 API를 사용해 후속 포팅을 진행한다. 필요 시 테스트만 보강한다.,동일 함수명이 아니어도 누락으로 보지 말 것.,Role-specific query.
HFM-081,Phase 1,효과/타이밍/Hashtable,modifier/restriction query,modifier/restriction effects,Hashtable/AutoProcessing/Effect timing,역할기반_재설계,"InMemoryEffectQueryService.GetModifierEffects(...), GetRestrictionEffects(...)","src/HeadlessDCGO.Engine/Headless/Services/InMemoryEffectQueryService.cs:37, src/HeadlessDCGO.Engine/Headless/Services/InMemoryEffectQueryService.cs:43",PORTED,구현됨: 현재 Headless 함수/API가 실제로 존재함,현재_위치 파일을 열어 현재_대표_API가 존재하는지 확인한다. 원본 함수명과 달라도 역할이 같으면 정상 매핑이다.,현재 API를 사용해 후속 포팅을 진행한다. 필요 시 테스트만 보강한다.,동일 함수명이 아니어도 누락으로 보지 말 것.,Role-specific query.
HFM-082,Phase 1,효과/타이밍/Hashtable,effect registry/factory lookup,"CardEffectFactory.cs, PermanentEffects, EffectList",Hashtable/AutoProcessing/Effect timing,계약고정_후속구현,"EffectRegistry.Register(...), GetEffects(...), Find(...)","src/HeadlessDCGO.Engine/Headless/Effects/EffectRegistry.cs:24, src/HeadlessDCGO.Engine/Headless/Effects/EffectRegistry.cs:38, src/HeadlessDCGO.Engine/Headless/Effects/EffectRegistry.cs:103",CONTRACT,계약 고정: API는 있으나 세부 게임 룰 구현은 이후 Phase에서 확장,현재 API는 계약으로 인정한다. 실제 룰/카드 효과의 완전 구현 여부는 후속 Phase/Goal 문서에서 별도로 확인한다.,후속 Phase에서 실제 게임 룰/카드 효과 의미를 이 계약 위에 구현한다.,계약 완료와 세부 룰 구현 완료를 혼동하지 말 것.,Registry contract exists; actual card effect binding later.
HFM-083,Phase 1,효과/타이밍/Hashtable,timing window collection,trigger timing checks,Hashtable/AutoProcessing/Effect timing,계약고정_후속구현,"DefaultTimingWindowResolver.CollectTriggers(...), OpenWindow(...)","src/HeadlessDCGO.Engine/Headless/Rules/TimingWindowResolver.cs:24, src/HeadlessDCGO.Engine/Headless/Rules/TimingWindowResolver.cs:57",CONTRACT,계약 고정: API는 있으나 세부 게임 룰 구현은 이후 Phase에서 확장,현재 API는 계약으로 인정한다. 실제 룰/카드 효과의 완전 구현 여부는 후속 Phase/Goal 문서에서 별도로 확인한다.,후속 Phase에서 실제 게임 룰/카드 효과 의미를 이 계약 위에 구현한다.,계약 완료와 세부 룰 구현 완료를 혼동하지 말 것.,Timing window contract exists.
HFM-084,Phase 1,랜덤/로그/진단,"UnityEngine.Random, GameRandom, IsSucceedProbability","GameRandom.cs, ContinuousController.cs",Unity Random/Debug.Log/PlayLog,역할기반_재설계,"IRandomSource / GameRandomSource.NextInt(...), NextDouble(), Shuffle<T>(...)","src/HeadlessDCGO.Engine/Headless/Services/IRandomSource.cs, src/HeadlessDCGO.Engine/Headless/Services/GameRandomSource.cs:36, src/HeadlessDCGO.Engine/Headless/Services/GameRandomSource.cs:55, src/HeadlessDCGO.Engine/Headless/Services/GameRandomSource.cs:60",PORTED,구현됨: 현재 Headless 함수/API가 실제로 존재함,현재_위치 파일을 열어 현재_대표_API가 존재하는지 확인한다. 원본 함수명과 달라도 역할이 같으면 정상 매핑이다.,현재 API를 사용해 후속 포팅을 진행한다. 필요 시 테스트만 보강한다.,동일 함수명이 아니어도 누락으로 보지 말 것.,Seeded deterministic random source.
HFM-085,Phase 1,랜덤/로그/진단,random seed reset,ContinuousController.SetRandom style state,Unity Random/Debug.Log/PlayLog,역할기반_재설계,GameRandomSource.ResetSeed(int),src/HeadlessDCGO.Engine/Headless/Services/GameRandomSource.cs:20,PORTED,구현됨: 현재 Headless 함수/API가 실제로 존재함,현재_위치 파일을 열어 현재_대표_API가 존재하는지 확인한다. 원본 함수명과 달라도 역할이 같으면 정상 매핑이다.,현재 API를 사용해 후속 포팅을 진행한다. 필요 시 테스트만 보강한다.,동일 함수명이 아니어도 누락으로 보지 말 것.,Explicit seed control.
HFM-086,Phase 1,랜덤/로그/진단,"Debug.Log, Debug.LogWarning, Debug.LogError",Unity console calls,Unity Random/Debug.Log/PlayLog,역할기반_재설계,"ILogSink.Info(...), Warn(...), Error(...)",src/HeadlessDCGO.Engine/Headless/Services/ILogSink.cs,PORTED,구현됨: 현재 Headless 함수/API가 실제로 존재함,현재_위치 파일을 열어 현재_대표_API가 존재하는지 확인한다. 원본 함수명과 달라도 역할이 같으면 정상 매핑이다.,현재 API를 사용해 후속 포팅을 진행한다. 필요 시 테스트만 보강한다.,동일 함수명이 아니어도 누락으로 보지 말 것.,Plain log abstraction.
HFM-087,Phase 1,랜덤/로그/진단,optional no-op logging,client-only log side effects,Unity Random/Debug.Log/PlayLog,역할기반_재설계,"NullLogSink.Info(...), Warn(...), Error(...)","src/HeadlessDCGO.Engine/Headless/Services/NullLogSink.cs:5, src/HeadlessDCGO.Engine/Headless/Services/NullLogSink.cs:9, src/HeadlessDCGO.Engine/Headless/Services/NullLogSink.cs:13",PORTED,구현됨: 현재 Headless 함수/API가 실제로 존재함,현재_위치 파일을 열어 현재_대표_API가 존재하는지 확인한다. 원본 함수명과 달라도 역할이 같으면 정상 매핑이다.,현재 API를 사용해 후속 포팅을 진행한다. 필요 시 테스트만 보강한다.,동일 함수명이 아니어도 누락으로 보지 말 것.,Removes log side effects.
HFM-088,Phase 1,랜덤/로그/진단,capture logs for tests,Unity console / PlayLog output,Unity Random/Debug.Log/PlayLog,역할기반_재설계,"InMemoryLogSink.Info(...), Snapshot(), Clear()","src/HeadlessDCGO.Engine/Headless/Services/InMemoryLogSink.cs:10, src/HeadlessDCGO.Engine/Headless/Services/InMemoryLogSink.cs:25, src/HeadlessDCGO.Engine/Headless/Services/InMemoryLogSink.cs:30",PORTED,구현됨: 현재 Headless 함수/API가 실제로 존재함,현재_위치 파일을 열어 현재_대표_API가 존재하는지 확인한다. 원본 함수명과 달라도 역할이 같으면 정상 매핑이다.,현재 API를 사용해 후속 포팅을 진행한다. 필요 시 테스트만 보강한다.,동일 함수명이 아니어도 누락으로 보지 말 것.,Testable log collection.
HFM-089,Phase 1,랜덤/로그/진단,PlayLog.OnAddLog,PlayLog.cs,Unity Random/Debug.Log/PlayLog,역할기반_재설계,EngineTrace.Record(...),src/HeadlessDCGO.Engine/Headless/Diagnostics/EngineTrace.cs:22,PORTED,구현됨: 현재 Headless 함수/API가 실제로 존재함,현재_위치 파일을 열어 현재_대표_API가 존재하는지 확인한다. 원본 함수명과 달라도 역할이 같으면 정상 매핑이다.,현재 API를 사용해 후속 포팅을 진행한다. 필요 시 테스트만 보강한다.,동일 함수명이 아니어도 누락으로 보지 말 것.,Structured deterministic trace.
HFM-090,Phase 1,랜덤/로그/진단,trace snapshot,UI log panel state,Unity Random/Debug.Log/PlayLog,역할기반_재설계,EngineTrace.Snapshot(),src/HeadlessDCGO.Engine/Headless/Diagnostics/EngineTrace.cs:44,PORTED,구현됨: 현재 Headless 함수/API가 실제로 존재함,현재_위치 파일을 열어 현재_대표_API가 존재하는지 확인한다. 원본 함수명과 달라도 역할이 같으면 정상 매핑이다.,현재 API를 사용해 후속 포팅을 진행한다. 필요 시 테스트만 보강한다.,동일 함수명이 아니어도 누락으로 보지 말 것.,Replay/debug inspection.
HFM-091,Phase 1,랜덤/로그/진단,deterministic trace hash,parity/debug comparison,Unity Random/Debug.Log/PlayLog,역할기반_재설계,EngineTrace.Fingerprint(),src/HeadlessDCGO.Engine/Headless/Diagnostics/EngineTrace.cs:49,PORTED,구현됨: 현재 Headless 함수/API가 실제로 존재함,현재_위치 파일을 열어 현재_대표_API가 존재하는지 확인한다. 원본 함수명과 달라도 역할이 같으면 정상 매핑이다.,현재 API를 사용해 후속 포팅을 진행한다. 필요 시 테스트만 보강한다.,동일 함수명이 아니어도 누락으로 보지 말 것.,Stable comparison surface.
HFM-092,Phase 1,네트워크/클라이언트 전용,"PhotonNetwork, PhotonView, [PunRPC], Room, Player network callbacks",Photon/PUN usage under Unity client,Photon/RPC/클라이언트 전용 기능,계약고정_후속구현,"SessionContext, HeadlessActionQueue, GameEvent","src/HeadlessDCGO.Engine/Headless/Runtime/SessionContext.cs, src/HeadlessDCGO.Engine/Headless/Runtime/HeadlessActionQueue.cs, src/HeadlessDCGO.Engine/Headless/Runtime/GameEvent.cs",CONTRACT,계약 고정: API는 있으나 세부 게임 룰 구현은 이후 Phase에서 확장,현재 API는 계약으로 인정한다. 실제 룰/카드 효과의 완전 구현 여부는 후속 Phase/Goal 문서에서 별도로 확인한다.,후속 Phase에서 실제 게임 룰/카드 효과 의미를 이 계약 위에 구현한다.,계약 완료와 세부 룰 구현 완료를 혼동하지 말 것.,Local deterministic session/action/event model replaces network transport in core.
HFM-093,Phase 1,네트워크/클라이언트 전용,RPC action sync,Photon RPC methods,Photon/RPC/클라이언트 전용 기능,역할기반_재설계,HeadlessActionQueue.Enqueue(...) / ReplayActionRecord.Serialize(),"src/HeadlessDCGO.Engine/Headless/Runtime/HeadlessActionQueue.cs:15, src/HeadlessDCGO.Engine/Headless/Runtime/HeadlessActionQueue.cs:133",PORTED,구현됨: 현재 Headless 함수/API가 실제로 존재함,현재_위치 파일을 열어 현재_대표_API가 존재하는지 확인한다. 원본 함수명과 달라도 역할이 같으면 정상 매핑이다.,현재 API를 사용해 후속 포팅을 진행한다. 필요 시 테스트만 보강한다.,동일 함수명이 아니어도 누락으로 보지 말 것.,Replay metadata replaces RPC dependency for deterministic runs.
HFM-094,Phase 1,네트워크/클라이언트 전용,"TextMeshPro, UnityEngine.UI, DOTween, Animator, AudioSource, Camera, VFX calls",visual/client scripts,Photon/RPC/클라이언트 전용 기능,제외,no gameplay replacement; use UnityNullObjectPolicy only when encountered during migration,src/HeadlessDCGO.Engine/Headless/Bridge/UnityNullObjectPolicy.cs,EXCLUDED,제외: 시각/UI/클라이언트 전용이라 Headless 런타임에 넣지 않음,Headless core에 구현하지 않는 것이 올바른 상태다. 게임 상태 영향이 새로 발견될 때만 별도 매핑을 만든다.,포팅하지 않는다. 문서상 제외 근거만 유지한다.,시각/UI/오디오/카메라 기능을 Headless runtime에 넣지 말 것.,These must not become Headless runtime dependencies.
HFM-095,Phase 1,네트워크/클라이언트 전용,WebSocketSharp transport,network/client transport,Photon/RPC/클라이언트 전용 기능,제외,none in core engine,N/A,EXCLUDED,제외: 시각/UI/클라이언트 전용이라 Headless 런타임에 넣지 않음,Headless core에 구현하지 않는 것이 올바른 상태다. 게임 상태 영향이 새로 발견될 때만 별도 매핑을 만든다.,포팅하지 않는다. 문서상 제외 근거만 유지한다.,시각/UI/오디오/카메라 기능을 Headless runtime에 넣지 말 것.,"Future remote runner, if needed, belongs outside core engine."
