goal_id,phase,area,goal,scope,deliverables,unit_test_scope,result_document,blocked_until,completion_gate,priority
G0-001,Phase 0,Design,설계 산출물 확정,핵심 설계 문서와 CSV 확정,architecture design; modules csv; dependency csv; porting sequence,문서 존재와 CSV 파싱,docs/test-results/goals/G0-001_design_artifacts_unit_test_results.md,None,문서와 CSV가 검증됨,HIGH
G0-002,Phase 0,Testing,테스트 정책 확정,단위테스트 정책과 매트릭스 확정,unit test plan; unit test matrix,테스트 계획 문서와 매트릭스 파싱,docs/test-results/goals/G0-002_test_policy_unit_test_results.md,G0-001,테스트 정책 문서가 검증됨,HIGH
G0-003,Phase 0,Gate,Phase 1 착수 게이트 검증,Unity 대체 기반 선행 조건 확인,phase0 validation result,Phase 1 선행 조건과 후속 포팅 금지 확인,docs/test-results/goals/G0-003_phase1_gate_unit_test_results.md,G0-002,Phase 1 착수 가능 판정,HIGH
G1A-001,Phase 1,Runtime,Runtime DTO 모델 고정,MatchConfig StepResult MatchResult GameEvent 계약 고정,runtime model files,DTO 생성과 기본 불변성 테스트,docs/test-results/goals/G1A-001_runtime_models_unit_test_results.md,G0-003,Runtime DTO 테스트 통과,HIGH
G1A-002,Phase 1,Runtime,Match lifecycle 계약,Initialize Reset Step Result 계약 고정,DcgoMatch lifecycle API,lifecycle 호출 순서와 상태 전이 테스트,docs/test-results/goals/G1A-002_match_lifecycle_unit_test_results.md,G1A-001,lifecycle 테스트 통과,HIGH
G1A-003,Phase 1,Runtime,Action 입력 결과 계약,action payload와 처리 결과 계약 고정,HeadlessAction ActionProcessResult IllegalAction model,legal illegal action 결과 테스트,docs/test-results/goals/G1A-003_action_contract_unit_test_results.md,G1A-001,action contract 테스트 통과,HIGH
G1A-004,Phase 1,Runtime,Observation LegalAction 계약,observe와 legal action 반환 계약 고정,ObservationSnapshot LegalAction ActionMask contract,empty state observation과 legal action contract 테스트,docs/test-results/goals/G1A-004_observation_legal_action_unit_test_results.md,G1A-001,observation legal action 테스트 통과,HIGH
G1A-005,Phase 1,Runtime,Runtime aggregate 결과 문서,Runtime contract Goal 결과 집계,Runtime test summary,Runtime Goal 결과 문서 링크 검증,docs/test-results/goals/G1A-005_runtime_aggregate_unit_test_results.md,G1A-002; G1A-003; G1A-004,Runtime 영역 완료,HIGH
G1B-001,Phase 1,State,Stable ID와 entity registry,player card definition card instance id 기준 확정,HeadlessPlayerId HeadlessEntityId registry,id equality serialization uniqueness 테스트,docs/test-results/goals/G1B-001_stable_ids_unit_test_results.md,G1A-001,stable id 테스트 통과,HIGH
G1B-002,Phase 1,State,MatchState PlayerState,양 플레이어와 전역 상태 모델 확정,MatchState PlayerState,initial state snapshot 테스트,docs/test-results/goals/G1B-002_match_player_state_unit_test_results.md,G1B-001,state model 테스트 통과,HIGH
G1B-003,Phase 1,State,ZoneState,ordered hidden visible zone 모델 확정,ZoneState ZoneId Visibility model,deck hand security source order 테스트,docs/test-results/goals/G1B-003_zone_state_unit_test_results.md,G1B-002,zone state 테스트 통과,HIGH
G1B-004,Phase 1,State,CardInstanceState,카드 인스턴스 mutable state 확정,CardInstanceState,suspend face-up source modifier flag 테스트,docs/test-results/goals/G1B-004_card_instance_state_unit_test_results.md,G1B-003,card instance state 테스트 통과,HIGH
G1B-005,Phase 1,State,ZoneMover,카드 이동 mutation boundary 확정,IZoneMover ZoneMoveRequest CardMoved event,move insert remove shuffle event 테스트,docs/test-results/goals/G1B-005_zone_mover_unit_test_results.md,G1B-003; G1B-004,zone mover 테스트 통과,HIGH
G1B-006,Phase 1,State,State snapshot fingerprint,상태 snapshot과 fingerprint 결정성 확정,Snapshot Fingerprint service,same state same fingerprint 테스트,docs/test-results/goals/G1B-006_state_snapshot_fingerprint_unit_test_results.md,G1B-005,state 결정성 테스트 통과,HIGH
G1C-001,Phase 1,Bridge,EngineContext,service container와 current match context 확정,EngineContext,service registration lookup 테스트,docs/test-results/goals/G1C-001_engine_context_unit_test_results.md,G1A-002,EngineContext 테스트 통과,HIGH
G1C-002,Phase 1,Bridge,GManagerBridge,GManager instance 대체 mapping 확정,GManagerBridge,turn effect attack state service access 테스트,docs/test-results/goals/G1C-002_gmanager_bridge_unit_test_results.md,G1C-001,GManagerBridge 테스트 통과,HIGH
G1C-003,Phase 1,Bridge,ContinuousContext,ContinuousController 대체 config 확정,ContinuousContext MatchConfig mapping,seed option deck session config 테스트,docs/test-results/goals/G1C-003_continuous_context_unit_test_results.md,G1C-001,ContinuousContext 테스트 통과,HIGH
G1C-004,Phase 1,Bridge,Unity-only exclusion policy,Unity-only 접근 제외 정책 확정,UnityNullObjectPolicy,UI scene animation access exclusion 테스트,docs/test-results/goals/G1C-004_unity_exclusion_policy_unit_test_results.md,G1C-002; G1C-003,Unity-only exclusion 테스트 통과,HIGH
G1D-001,Phase 1,Coroutines,EngineTask contract,Headless task 계약 확정,IEngineTask EngineTaskStatus,task step completion error 테스트,docs/test-results/goals/G1D-001_engine_task_contract_unit_test_results.md,G1A-002,EngineTask contract 테스트 통과,HIGH
G1D-002,Phase 1,Coroutines,WaitCondition,WaitForSeconds WaitWhile 대체 조건 확정,EngineWaitCondition,seconds condition deterministic 테스트,docs/test-results/goals/G1D-002_wait_condition_unit_test_results.md,G1D-001,wait condition 테스트 통과,HIGH
G1D-003,Phase 1,Coroutines,CoroutineAdapter,IEnumerator adapter 확정,CoroutineAdapter,nested enumerator completion 테스트,docs/test-results/goals/G1D-003_coroutine_adapter_unit_test_results.md,G1D-002,CoroutineAdapter 테스트 통과,HIGH
G1D-004,Phase 1,Coroutines,TaskRunner 안정화,task queue runner 확정,EngineTaskRunner,run until idle queue order error propagation 테스트,docs/test-results/goals/G1D-004_task_runner_unit_test_results.md,G1D-003,TaskRunner 테스트 통과,HIGH
G1E-001,Phase 1,Choices,Choice schema,choice request candidate zone type schema 확정,ChoiceRequest ChoiceCandidate ChoiceType ChoiceZone,schema validation 테스트,docs/test-results/goals/G1E-001_choice_schema_unit_test_results.md,G1A-003,Choice schema 테스트 통과,HIGH
G1E-002,Phase 1,Choices,ChoiceResult validation,선택 결과 검증 기준 확정,ChoiceResult ChoiceOption,select count skip invalid candidate 테스트,docs/test-results/goals/G1E-002_choice_result_validation_unit_test_results.md,G1E-001,ChoiceResult 테스트 통과,HIGH
G1E-003,Phase 1,Choices,ScriptedChoiceProvider,scripted deterministic choice 확정,ScriptedChoiceProvider,queued result deterministic 테스트,docs/test-results/goals/G1E-003_scripted_choice_provider_unit_test_results.md,G1E-002,Scripted provider 테스트 통과,HIGH
G1E-004,Phase 1,Choices,PolicyChoiceProvider,policy delegate choice 확정,PolicyChoiceProvider,delegate cancellation error 테스트,docs/test-results/goals/G1E-004_policy_choice_provider_unit_test_results.md,G1E-002,Policy provider 테스트 통과,HIGH
G1E-005,Phase 1,Choices,Choice pause resume contract,choice pending과 resume 계약 확정,PendingChoiceState runtime integration contract,pause resume result 테스트,docs/test-results/goals/G1E-005_choice_pause_resume_unit_test_results.md,G1E-003; G1E-004,choice pause resume 테스트 통과,HIGH
G1F-001,Phase 1,Effects,Effect request context schema,effect context 계약 확정,EffectRequest EffectContext EffectResult,source owner trigger target context 테스트,docs/test-results/goals/G1F-001_effect_context_schema_unit_test_results.md,G1B-001; G1E-001,Effect context 테스트 통과,HIGH
G1F-002,Phase 1,Effects,EffectResolutionQueue,effect queue ordering 확정,EffectResolutionQueue PendingEffect,enqueue dequeue order clear 테스트,docs/test-results/goals/G1F-002_effect_resolution_queue_unit_test_results.md,G1F-001,Effect queue 테스트 통과,HIGH
G1F-003,Phase 1,Effects,EffectScheduler,effect resolve orchestration 확정,EffectScheduler,resolve next resolve all choice pause 테스트,docs/test-results/goals/G1F-003_effect_scheduler_unit_test_results.md,G1F-002; G1E-005,EffectScheduler 테스트 통과,HIGH
G1F-004,Phase 1,Effects,TimingWindowResolver contract,trigger timing contract 확정,TimingWindowResolver interface,trigger collection ordering contract 테스트,docs/test-results/goals/G1F-004_timing_window_contract_unit_test_results.md,G1F-003,Timing contract 테스트 통과,HIGH
G1F-005,Phase 1,Effects,EffectRegistry contract,effect lookup contract 확정,EffectRegistry interface,register lookup missing binding 테스트,docs/test-results/goals/G1F-005_effect_registry_contract_unit_test_results.md,G1F-001,EffectRegistry contract 테스트 통과,HIGH
G1F-006,Phase 1,Effects,Continuous Replacement query contract,상시 대체 효과 조회 경계 확정,IEffectQueryService contracts,modifier restriction replacement query 테스트,docs/test-results/goals/G1F-006_continuous_replacement_query_unit_test_results.md,G1F-005,Effect query contract 테스트 통과,HIGH
G1G-001,Phase 1,Session,Player session model,local player session 모델 확정,HeadlessPlayerId SessionContext,player ownership turn identity 테스트,docs/test-results/goals/G1G-001_player_session_model_unit_test_results.md,G1B-001,session model 테스트 통과,HIGH
G1G-002,Phase 1,Session,Action queue replay metadata,action queue와 replay metadata 확정,HeadlessActionQueue ReplayActionRecord,ordering metadata serialization 테스트,docs/test-results/goals/G1G-002_action_queue_replay_unit_test_results.md,G1G-001; G1A-003,action queue 테스트 통과,HIGH
G1G-003,Phase 1,Session,Photon dependency guard,Photon 제거 검증 확정,dependency scan test,Photon namespace absence 테스트,docs/test-results/goals/G1G-003_photon_dependency_guard_unit_test_results.md,G1G-002,Photon guard 테스트 통과,HIGH
G1H-001,Phase 1,DataLoading,Card repository contract,card lookup contract 확정,ICardRepository CardRecord,get missing query 테스트,docs/test-results/goals/G1H-001_card_repository_contract_unit_test_results.md,G1B-001,Card repository 테스트 통과,HIGH
G1H-002,Phase 1,DataLoading,Card JSON loader,card JSON loading contract 확정,CardAssetJsonLoader,valid invalid schema deterministic failure 테스트,docs/test-results/goals/G1H-002_card_json_loader_unit_test_results.md,G1H-001,Card JSON loader 테스트 통과,HIGH
G1H-003,Phase 1,DataLoading,Deck list loader,decklist parsing contract 확정,DeckListLoader,deck code file invalid entry 테스트,docs/test-results/goals/G1H-003_deck_list_loader_unit_test_results.md,G1H-001,Deck loader 테스트 통과,HIGH
G1H-004,Phase 1,DataLoading,Banlist loader,banlist loading contract 확정,BanlistLoader,valid invalid banlist 테스트,docs/test-results/goals/G1H-004_banlist_loader_unit_test_results.md,G1H-001,Banlist loader 테스트 통과,MEDIUM
G1H-005,Phase 1,DataLoading,Unity asset exclusion guard,gameplay data에서 visual asset 제외 확정,asset exclusion scan,image prefab audio animation exclusion 테스트,docs/test-results/goals/G1H-005_unity_asset_exclusion_guard_unit_test_results.md,G1H-002; G1H-003,Unity asset guard 테스트 통과,HIGH
G1I-001,Phase 1,Diagnostics,Seeded random,deterministic random 확정,IRandomSource GameRandomSource,next shuffle same seed 테스트,docs/test-results/goals/G1I-001_seeded_random_unit_test_results.md,G1A-001,Seeded random 테스트 통과,HIGH
G1I-002,Phase 1,Diagnostics,EngineTrace,trace sequence와 fingerprint 확정,EngineTrace TraceEvent,record snapshot clear fingerprint 테스트,docs/test-results/goals/G1I-002_engine_trace_unit_test_results.md,G1A-001,EngineTrace 테스트 통과,HIGH
G1I-003,Phase 1,Diagnostics,Log sink,log sink contract 확정,ILogSink NullLogSink InMemoryLogSink,info warn error null sink 테스트,docs/test-results/goals/G1I-003_log_sink_unit_test_results.md,G1I-002,Log sink 테스트 통과,MEDIUM
G1I-004,Phase 1,Diagnostics,Forbidden dependency scan,금지 의존성 scan 확정,dependency scan test,Unity Photon TMPro DOTween UI namespace absence 테스트,docs/test-results/goals/G1I-004_forbidden_dependency_scan_unit_test_results.md,G1G-003; G1H-005,forbidden dependency 테스트 통과,HIGH
G1I-005,Phase 1,Gate,Phase 1 aggregate result,Phase 1 전체 결과 집계,phase1 result document,Goal 결과 문서 링크와 전체 테스트 통과 확인,docs/test-results/goals/G1I-005_phase1_aggregate_unit_test_results.md,G1A-005; G1B-006; G1C-004; G1D-004; G1E-005; G1F-006; G1G-003; G1H-005; G1I-004,Phase 2 착수 가능,HIGH
G2A-001,Phase 2,TurnStateMachine,Phase enum과 state mapping 포팅,AS-IS phase 값을 Headless phase로 매핑,HeadlessPhase mapping,phase mapping roundtrip 테스트,docs/test-results/goals/G2A-001_phase_mapping_unit_test_results.md,G1I-005,phase mapping 테스트 통과,HIGH
G2A-002,Phase 2,TurnStateMachine,매치 setup과 선후공 흐름 포팅,초기 player turn security hand setup,setup flow,first player setup 테스트,docs/test-results/goals/G2A-002_setup_first_player_unit_test_results.md,G2A-001,setup 테스트 통과,HIGH
G2A-003,Phase 2,TurnStateMachine,Draw Unsuspend Breeding phase 포팅,초기 phase progression 포팅,phase transition implementation,draw unsuspend breeding 테스트,docs/test-results/goals/G2A-003_early_phase_flow_unit_test_results.md,G2A-002,초기 phase 테스트 통과,HIGH
G2A-004,Phase 2,TurnStateMachine,Main phase와 memory pass 포팅,main phase 진입과 memory pass 처리,main phase memory logic,memory pass 테스트,docs/test-results/goals/G2A-004_main_phase_memory_pass_unit_test_results.md,G2A-003,main phase 테스트 통과,HIGH
G2A-005,Phase 2,TurnStateMachine,End turn cleanup 포팅,턴 종료와 once flag cleanup 처리,end turn cleanup,end turn flag reset 테스트,docs/test-results/goals/G2A-005_end_turn_cleanup_unit_test_results.md,G2A-004,end turn 테스트 통과,HIGH
G2A-006,Phase 2,TurnStateMachine,Legal action dispatch hook 포팅,phase별 legal action 조회 연결,legal action dispatcher,phase legal action 테스트,docs/test-results/goals/G2A-006_legal_action_dispatch_unit_test_results.md,G2A-005,legal dispatch 테스트 통과,HIGH
G2B-001,Phase 2,GameContext,GameContext state accessor 포팅,AS-IS GameContext 접근을 MatchState로 연결,GameContext adapter,state read write 테스트,docs/test-results/goals/G2B-001_gamecontext_state_accessor_unit_test_results.md,G2A-002,GameContext accessor 테스트 통과,HIGH
G2B-002,Phase 2,GameContext,Visibility view 포팅,player view와 debug full view 분리,visibility view,hidden information view 테스트,docs/test-results/goals/G2B-002_visibility_view_unit_test_results.md,G2B-001,visibility 테스트 통과,HIGH
G2C-001,Phase 2,Player,Player zone ownership 포팅,deck hand field trash security ownership 연결,Player zone adapter,zone owner 테스트,docs/test-results/goals/G2C-001_player_zone_ownership_unit_test_results.md,G2B-001,player zone 테스트 통과,HIGH
G2C-002,Phase 2,Player,Memory security deck loss check 포팅,player memory security deck loss 판단,Player rule adapter,memory security deck loss 테스트,docs/test-results/goals/G2C-002_player_terminal_checks_unit_test_results.md,G2C-001,player terminal check 테스트 통과,HIGH
G2D-001,Phase 2,CardController,Card identity binding 포팅,CardController와 CardInstanceState 연결,card identity adapter,card instance binding 테스트,docs/test-results/goals/G2D-001_card_identity_binding_unit_test_results.md,G2C-001,card identity 테스트 통과,HIGH
G2D-002,Phase 2,CardController,Zone movement event 포팅,카드 이동과 이벤트 발생 연결,card movement port,move event 테스트,docs/test-results/goals/G2D-002_card_zone_movement_unit_test_results.md,G2D-001,card movement 테스트 통과,HIGH
G2D-003,Phase 2,CardController,Suspend reveal state 포팅,suspend unsuspend reveal face-up 처리,card state mutation,suspend reveal 테스트,docs/test-results/goals/G2D-003_card_suspend_reveal_unit_test_results.md,G2D-002,card state mutation 테스트 통과,HIGH
G2D-004,Phase 2,CardController,Digivolution source attach 포팅,진화원 attach detach와 source order 처리,source stack mutation,source attach detach 테스트,docs/test-results/goals/G2D-004_digivolution_source_attach_unit_test_results.md,G2D-003,source stack 테스트 통과,HIGH
G2E-001,Phase 2,MainPhaseAction,PlayCardAction 포팅,카드 플레이 action validation과 apply,PlayCardAction,play card legal apply 테스트,docs/test-results/goals/G2E-001_play_card_action_unit_test_results.md,G2A-006; G2D-002,play action 테스트 통과,HIGH
G2E-002,Phase 2,MainPhaseAction,Digivolve action 포팅,디지볼브 action validation과 apply,DigivolveAction,digivolve legal apply 테스트,docs/test-results/goals/G2E-002_digivolve_action_unit_test_results.md,G2E-001; G2D-004,digivolve action 테스트 통과,HIGH
G2E-003,Phase 2,MainPhaseAction,Option activate action 포팅,옵션 사용 action validation과 apply,ActivateCardAction option flow,option use 테스트,docs/test-results/goals/G2E-003_option_activate_action_unit_test_results.md,G2E-001,option action 테스트 통과,HIGH
G2E-004,Phase 2,MainPhaseAction,Attack action 연결 포팅,공격 action을 AttackProcess로 연결,AttackPermanentAction attack intent,attack action dispatch 테스트,docs/test-results/goals/G2E-004_attack_action_dispatch_unit_test_results.md,G2A-006,attack action dispatch 테스트 통과,HIGH
G2E-005,Phase 2,MainPhaseAction,Pass와 Cheat guard 포팅,pass action과 cheat action 제외 정책,PassAction CheatAction guard,pass cheat guard 테스트,docs/test-results/goals/G2E-005_pass_cheat_guard_unit_test_results.md,G2E-001,pass guard 테스트 통과,MEDIUM
G2F-001,Phase 2,AutoProcessing,Trigger event collection 포팅,GameEvent에서 trigger 후보 수집,AutoProcessing trigger collector,event trigger collection 테스트,docs/test-results/goals/G2F-001_trigger_collection_unit_test_results.md,G2A-006; G1F-006,trigger collection 테스트 통과,HIGH
G2F-002,Phase 2,AutoProcessing,Mandatory effect ordering 포팅,mandatory effect 순서 처리,mandatory effect ordering,mandatory order 테스트,docs/test-results/goals/G2F-002_mandatory_effect_order_unit_test_results.md,G2F-001,mandatory ordering 테스트 통과,HIGH
G2F-003,Phase 2,AutoProcessing,Optional prompt queue 포팅,optional effect 선택 요청 연결,optional prompt queue,optional choice 테스트,docs/test-results/goals/G2F-003_optional_prompt_queue_unit_test_results.md,G2F-002; G1E-005,optional prompt 테스트 통과,HIGH
G2F-004,Phase 2,AutoProcessing,Security delayed trigger hook 포팅,security와 delayed trigger 연결,security delayed hook,security delayed trigger 테스트,docs/test-results/goals/G2F-004_security_delayed_trigger_hook_unit_test_results.md,G2F-003,security delayed hook 테스트 통과,HIGH
G2G-001,Phase 2,AttackProcess,Attack declaration target 포팅,공격 선언과 target 후보 생성,attack declaration,target candidate 테스트,docs/test-results/goals/G2G-001_attack_declaration_targets_unit_test_results.md,G2E-004,attack declaration 테스트 통과,HIGH
G2G-002,Phase 2,AttackProcess,Block timing 포팅,block timing window와 blocker 선택,block timing,block choice 테스트,docs/test-results/goals/G2G-002_block_timing_unit_test_results.md,G2G-001; G1E-005,block timing 테스트 통과,HIGH
G2G-003,Phase 2,AttackProcess,Battle DP deletion 포팅,DP 비교와 battle deletion 처리,battle resolver,battle DP deletion 테스트,docs/test-results/goals/G2G-003_battle_dp_deletion_unit_test_results.md,G2G-002,battle 테스트 통과,HIGH
G2G-004,Phase 2,AttackProcess,Security check 포팅,security check와 security zone 이동,security resolver,security check 테스트,docs/test-results/goals/G2G-004_security_check_unit_test_results.md,G2G-003,security check 테스트 통과,HIGH
G2G-005,Phase 2,AttackProcess,End attack trigger 포팅,end attack event와 trigger 연결,end attack trigger hook,end attack trigger 테스트,docs/test-results/goals/G2G-005_end_attack_trigger_unit_test_results.md,G2G-004; G2F-001,end attack trigger 테스트 통과,HIGH
G2Z-001,Phase 2,Gate,Phase 2 aggregate result,Phase 2 전체 결과 집계,phase2 result document,Phase 2 Goal 결과 문서 링크와 전체 테스트 통과 확인,docs/test-results/goals/G2Z-001_phase2_aggregate_unit_test_results.md,G2A-006; G2B-002; G2C-002; G2D-004; G2E-005; G2F-004; G2G-005,Phase 3 착수 가능,HIGH
G3A-001,Phase 3,EffectContract,ICardEffect contract 포팅,typed card effect 실행 계약 포팅,ICardEffect equivalent,resolve contract 테스트,docs/test-results/goals/G3A-001_icard_effect_contract_unit_test_results.md,G2Z-001,effect contract 테스트 통과,HIGH
G3A-002,Phase 3,EffectContract,SkillInfo 포팅,SkillInfo와 effect metadata 포팅,SkillInfo model,skill metadata 테스트,docs/test-results/goals/G3A-002_skill_info_unit_test_results.md,G3A-001,SkillInfo 테스트 통과,HIGH
G3B-001,Phase 3,EffectContext,Hashtable 제거 adapter 포팅,GetFromHashtable와 HashtableSetting typed 전환,typed context adapter,hashtable key replacement 테스트,docs/test-results/goals/G3B-001_hashtable_replacement_adapter_unit_test_results.md,G3A-002,Hashtable replacement 테스트 통과,HIGH
G3C-001,Phase 3,Conditions,Trigger condition helper 포팅,on play on digivolve when attacking 조건 helper,trigger condition helpers,trigger condition 테스트,docs/test-results/goals/G3C-001_trigger_condition_helpers_unit_test_results.md,G3B-001,trigger condition 테스트 통과,HIGH
G3C-002,Phase 3,Conditions,CanUseEffects helper 포팅,CanUseEffects 하위 condition 포팅,can use helpers,can use effect 테스트,docs/test-results/goals/G3C-002_can_use_effect_helpers_unit_test_results.md,G3C-001,CanUseEffects 테스트 통과,HIGH
G3D-001,Phase 3,Requirements,MinMax DP Cost Level helper 포팅,DP cost level min max 조건 포팅,min max helpers,min max 조건 테스트,docs/test-results/goals/G3D-001_minmax_dp_cost_level_unit_test_results.md,G3C-002,minmax 테스트 통과,HIGH
G3D-002,Phase 3,Requirements,Name color trait requirement 포팅,이름 색 특성 요구사항 포팅,requirement helpers,name color trait 테스트,docs/test-results/goals/G3D-002_name_color_trait_requirements_unit_test_results.md,G3D-001,requirement 테스트 통과,HIGH
G3E-001,Phase 3,Costs,Play cost helper 포팅,play cost와 cost modifier helper 포팅,play cost helper,play cost 테스트,docs/test-results/goals/G3E-001_play_cost_helper_unit_test_results.md,G3D-002,play cost 테스트 통과,HIGH
G3E-002,Phase 3,Costs,Digivolution cost helper 포팅,digivolution cost와 reduction helper 포팅,digivolution cost helper,digivolve cost 테스트,docs/test-results/goals/G3E-002_digivolution_cost_helper_unit_test_results.md,G3E-001,digivolution cost 테스트 통과,HIGH
G3F-001,Phase 3,Targeting,Target filtering helper 포팅,card permanent player target filtering 포팅,target filter helpers,target filtering 테스트,docs/test-results/goals/G3F-001_target_filtering_helpers_unit_test_results.md,G3D-002,target filtering 테스트 통과,HIGH
G3F-002,Phase 3,Targeting,Zone query helper 포팅,library trash security source zone query helper 포팅,zone query helpers,zone query 테스트,docs/test-results/goals/G3F-002_zone_query_helpers_unit_test_results.md,G3F-001,zone query 테스트 통과,HIGH
G3G-001,Phase 3,Keywords,Keyword base batch 1 포팅,blocker jamming reboot piercing base 구현,keyword base batch1,keyword base batch1 테스트,docs/test-results/goals/G3G-001_keyword_base_batch1_unit_test_results.md,G3F-002,keyword base1 테스트 통과,HIGH
G3G-002,Phase 3,Keywords,Keyword base batch 2 포팅,rush blitz retaliation armor purge base 구현,keyword base batch2,keyword base batch2 테스트,docs/test-results/goals/G3G-002_keyword_base_batch2_unit_test_results.md,G3G-001,keyword base2 테스트 통과,HIGH
G3H-001,Phase 3,Modifiers,DP cost security attack modifier helper 포팅,DP cost SAttack 변경 helper 포팅,modifier helpers,modifier 테스트,docs/test-results/goals/G3H-001_modifier_helpers_unit_test_results.md,G3E-002,modifier helper 테스트 통과,HIGH
G3H-002,Phase 3,Restrictions,Cannot restriction helper 포팅,cannot attack block delete return suspend 계열 포팅,restriction helpers,restriction 테스트,docs/test-results/goals/G3H-002_cannot_restriction_helpers_unit_test_results.md,G3H-001,restriction 테스트 통과,HIGH
G3I-001,Phase 3,Replacement,Replacement prevention helper 포팅,prevent redirect immune replacement 포팅,replacement helpers,replacement 테스트,docs/test-results/goals/G3I-001_replacement_prevention_helpers_unit_test_results.md,G3H-002,replacement 테스트 통과,HIGH
G3I-002,Phase 3,Continuous,Continuous effect evaluator 포팅,상시 효과 재평가 helper 포팅,continuous evaluator,continuous recalculation 테스트,docs/test-results/goals/G3I-002_continuous_effect_evaluator_unit_test_results.md,G3I-001,continuous 테스트 통과,HIGH
G3J-001,Phase 3,Factory,CardEffectFactory binding 포팅,card id trigger 기반 effect binding 포팅,CardEffectFactory binding,factory lookup 테스트,docs/test-results/goals/G3J-001_card_effect_factory_binding_unit_test_results.md,G3I-002,CardEffectFactory 테스트 통과,HIGH
G3J-002,Phase 3,Factory,PermanentEffectFactory binding 포팅,permanent effect binding 포팅,PermanentEffectFactory binding,permanent lookup 테스트,docs/test-results/goals/G3J-002_permanent_effect_factory_binding_unit_test_results.md,G3J-001,PermanentEffectFactory 테스트 통과,HIGH
G3K-001,Phase 3,Selection,Effect selection helper 포팅,effect 내부 선택 요청 helper 포팅,effect choice helpers,effect choice 테스트,docs/test-results/goals/G3K-001_effect_selection_helpers_unit_test_results.md,G3J-002; G1E-005,effect selection 테스트 통과,HIGH
G3K-002,Phase 3,Timing,Timing priority helper 포팅,turn player ordering optional mandatory priority 포팅,timing priority helpers,timing priority 테스트,docs/test-results/goals/G3K-002_timing_priority_helpers_unit_test_results.md,G3K-001,timing priority 테스트 통과,HIGH
G3L-001,Phase 3,Flags,Once per turn flag helper 포팅,turn-scoped flag와 reset helper 포팅,once flag helpers,once per turn 테스트,docs/test-results/goals/G3L-001_once_per_turn_flags_unit_test_results.md,G3K-002,once flag 테스트 통과,HIGH
G3L-002,Phase 3,Inherited,Inherited granted security helper 포팅,inherited granted security effect helper 포팅,inherited granted helpers,inherited granted security 테스트,docs/test-results/goals/G3L-002_inherited_granted_security_helpers_unit_test_results.md,G3L-001,inherited helper 테스트 통과,HIGH
G3Z-001,Phase 3,Gate,Phase 3 aggregate result,Phase 3 전체 결과 집계,phase3 result document,Phase 3 Goal 결과 문서 링크와 전체 테스트 통과 확인,docs/test-results/goals/G3Z-001_phase3_aggregate_unit_test_results.md,G3L-002,Phase 4 착수 가능,HIGH
G4A-001,Phase 4,CardPool,Card pool schema validation,대상 card pool schema 검증,card pool schema validation,required field 테스트,docs/test-results/goals/G4A-001_card_pool_schema_validation_unit_test_results.md,G3Z-001,card pool schema 테스트 통과,HIGH
G4A-002,Phase 4,CardPool,Effect binding coverage,card id별 effect binding coverage 검증,effect binding report,binding coverage 테스트,docs/test-results/goals/G4A-002_effect_binding_coverage_unit_test_results.md,G4A-001,effect binding coverage 테스트 통과,HIGH
G4A-003,Phase 4,CardPool,Missing behavior report,미구현 effect와 제외 사유 report 생성,missing behavior report,missing behavior report 테스트,docs/test-results/goals/G4A-003_missing_behavior_report_unit_test_results.md,G4A-002,missing behavior report 테스트 통과,HIGH
G4B-001,Phase 4,Keywords,Blocker Jamming Reboot Piercing 포팅,기본 전투 keyword 구현,keyword batch combat1,blocker jamming reboot piercing 테스트,docs/test-results/goals/G4B-001_keyword_combat_batch1_unit_test_results.md,G4A-002,combat keyword1 테스트 통과,HIGH
G4B-002,Phase 4,Keywords,Rush Blitz Retaliation ArmorPurge 포팅,추가 전투 keyword 구현,keyword batch combat2,rush blitz retaliation armor purge 테스트,docs/test-results/goals/G4B-002_keyword_combat_batch2_unit_test_results.md,G4B-001,combat keyword2 테스트 통과,HIGH
G4B-003,Phase 4,Keywords,Barrier Decoy Save MaterialSave 포팅,보호와 save keyword 구현,keyword batch protection,barrier decoy save material save 테스트,docs/test-results/goals/G4B-003_keyword_protection_batch_unit_test_results.md,G4B-002,protection keyword 테스트 통과,HIGH
G4B-004,Phase 4,Keywords,Alliance Raid Collision Partition 포팅,공격 변형 keyword 구현,keyword batch attack variants,alliance raid collision partition 테스트,docs/test-results/goals/G4B-004_keyword_attack_variant_batch_unit_test_results.md,G4B-003,attack variant keyword 테스트 통과,HIGH
G4B-005,Phase 4,Keywords,Overclock Decode Link 계열 포팅,신규 mechanic keyword 구현,keyword batch special,overclock decode link 테스트,docs/test-results/goals/G4B-005_keyword_special_batch_unit_test_results.md,G4B-004,special keyword 테스트 통과,HIGH
G4C-001,Phase 4,Triggers,OnPlay OnDigivolve trigger 포팅,on play on digivolve 효과 구현,trigger batch play digivolve,on play on digivolve 테스트,docs/test-results/goals/G4C-001_onplay_ondigivolve_triggers_unit_test_results.md,G4A-002,on play digivolve 테스트 통과,HIGH
G4C-002,Phase 4,Triggers,WhenAttacking EndAttack trigger 포팅,공격 관련 trigger 구현,trigger batch attack,when attacking end attack 테스트,docs/test-results/goals/G4C-002_attack_triggers_unit_test_results.md,G4C-001,attack trigger 테스트 통과,HIGH
G4C-003,Phase 4,Triggers,Deletion Trash Move trigger 포팅,삭제 트래시 이동 trigger 구현,trigger batch move delete,deletion trash move 테스트,docs/test-results/goals/G4C-003_delete_trash_move_triggers_unit_test_results.md,G4C-002,delete trash move 테스트 통과,HIGH
G4C-004,Phase 4,Triggers,Security trigger 포팅,security effect와 security reveal trigger 구현,security trigger batch,security effect 테스트,docs/test-results/goals/G4C-004_security_triggers_unit_test_results.md,G4C-003,security trigger 테스트 통과,HIGH
G4C-005,Phase 4,Triggers,OptionUse Suspend Link trigger 포팅,option suspend link 관련 trigger 구현,trigger batch option suspend link,option suspend link 테스트,docs/test-results/goals/G4C-005_option_suspend_link_triggers_unit_test_results.md,G4C-004,option suspend link 테스트 통과,HIGH
G4D-001,Phase 4,Modifiers,DP Cost SAttack modifiers 포팅,일반 modifier 카드 효과 구현,generic modifier batch,DP cost SAttack 테스트,docs/test-results/goals/G4D-001_dp_cost_sattack_modifiers_unit_test_results.md,G4C-005,generic modifier 테스트 통과,HIGH
G4D-002,Phase 4,Restrictions,Cannot and immunity effects 포팅,cannot 계열과 immunity 효과 구현,restriction immunity batch,cannot immunity 테스트,docs/test-results/goals/G4D-002_cannot_immunity_effects_unit_test_results.md,G4D-001,cannot immunity 테스트 통과,HIGH
G4D-003,Phase 4,Digivolution,Digivolution requirement effects 포팅,진화 조건 변경과 무시 효과 구현,digivolution requirement effects,digivolution requirement 테스트,docs/test-results/goals/G4D-003_digivolution_requirement_effects_unit_test_results.md,G4D-002,digivolution requirement 테스트 통과,HIGH
G4D-004,Phase 4,Sources,Source add trash reveal effects 포팅,진화원 추가 제거 공개 효과 구현,source manipulation effects,source add trash reveal 테스트,docs/test-results/goals/G4D-004_source_manipulation_effects_unit_test_results.md,G4D-003,source manipulation 테스트 통과,HIGH
G4E-001,Phase 4,CardSpecific,AD1 card-specific batch 포팅,AD1 source directory card effect 구현,AD1 card effects,AD1 representative 테스트,docs/test-results/goals/G4E-001_ad1_card_effect_batch_unit_test_results.md,G4D-004,AD1 batch 테스트 통과,HIGH
G4E-002,Phase 4,CardSpecific,BT card-specific batch 포팅,BT 계열 card effect 구현,BT card effects,BT representative 테스트,docs/test-results/goals/G4E-002_bt_card_effect_batch_unit_test_results.md,G4E-001,BT batch 테스트 통과,HIGH
G4E-003,Phase 4,CardSpecific,EX card-specific batch 포팅,EX 계열 card effect 구현,EX card effects,EX representative 테스트,docs/test-results/goals/G4E-003_ex_card_effect_batch_unit_test_results.md,G4E-002,EX batch 테스트 통과,HIGH
G4E-004,Phase 4,CardSpecific,LM P ST card-specific batch 포팅,LM P ST 계열 card effect 구현,LM P ST card effects,LM P ST representative 테스트,docs/test-results/goals/G4E-004_lm_p_st_card_effect_batch_unit_test_results.md,G4E-003,LM P ST batch 테스트 통과,HIGH
G4E-005,Phase 4,CardSpecific,Token and special cards batch 포팅,token과 특수 카드 effect 구현,token special card effects,token special 테스트,docs/test-results/goals/G4E-005_token_special_card_effect_batch_unit_test_results.md,G4E-004,token special 테스트 통과,MEDIUM
G4F-001,Phase 4,Choices,Card effect choice integration,카드 효과 선택 통합,effect choice integration,optional target count order 테스트,docs/test-results/goals/G4F-001_card_effect_choice_integration_unit_test_results.md,G4E-005; G1E-005,card effect choice 테스트 통과,HIGH
G4F-002,Phase 4,Ordering,Card effect ordering integration,카드 효과 ordering 통합,effect ordering integration,mandatory optional ordering 테스트,docs/test-results/goals/G4F-002_card_effect_ordering_integration_unit_test_results.md,G4F-001,effect ordering 테스트 통과,HIGH
G4G-001,Phase 4,DataBinding,Card text to behavior audit,card data와 behavior binding audit,behavior audit report,text behavior mismatch 테스트,docs/test-results/goals/G4G-001_card_text_behavior_audit_unit_test_results.md,G4F-002,behavior audit 테스트 통과,MEDIUM
G4G-002,Phase 4,Coverage,Card pool coverage threshold,대상 card pool coverage 기준 달성,coverage report,coverage threshold 테스트,docs/test-results/goals/G4G-002_card_pool_coverage_threshold_unit_test_results.md,G4G-001,coverage threshold 테스트 통과,HIGH
G4Z-001,Phase 4,Gate,Phase 4 aggregate result,Phase 4 전체 결과 집계,phase4 result document,Phase 4 Goal 결과 문서 링크와 전체 테스트 통과 확인,docs/test-results/goals/G4Z-001_phase4_aggregate_unit_test_results.md,G4G-002,Phase 5 착수 가능,HIGH
G5A-001,Phase 5,Observation,Observation schema 확정,structured observation schema 확정,ObservationSnapshot schema,schema version 테스트,docs/test-results/goals/G5A-001_observation_schema_unit_test_results.md,G4Z-001,observation schema 테스트 통과,MEDIUM
G5A-002,Phase 5,Observation,Hidden information masking,player별 hidden info masking 구현,visibility masking,hand deck security masking 테스트,docs/test-results/goals/G5A-002_hidden_information_masking_unit_test_results.md,G5A-001,hidden masking 테스트 통과,HIGH
G5A-003,Phase 5,Observation,Vector schema normalization,RL vector schema와 normalization 구현,RlVectorSchema,vector length normalization 테스트,docs/test-results/goals/G5A-003_vector_schema_normalization_unit_test_results.md,G5A-002,vector schema 테스트 통과,MEDIUM
G5B-001,Phase 5,Actions,Legal action mask,legal action mask 생성 구현,ActionMask,mask legal illegal 테스트,docs/test-results/goals/G5B-001_legal_action_mask_unit_test_results.md,G5A-003,action mask 테스트 통과,HIGH
G5B-002,Phase 5,Actions,Action encode decode,action id encode decode 구현,ActionEncoder,encode decode roundtrip 테스트,docs/test-results/goals/G5B-002_action_encode_decode_unit_test_results.md,G5B-001,action encode decode 테스트 통과,HIGH
G5B-003,Phase 5,Actions,Invalid action handling,RL invalid action 처리 구현,invalid action result,invalid action penalty 테스트,docs/test-results/goals/G5B-003_invalid_action_handling_unit_test_results.md,G5B-002,invalid action 테스트 통과,MEDIUM
G5C-001,Phase 5,Rewards,Terminal reward,win loss draw terminal reward 구현,RlRewardCalculator,terminal reward 테스트,docs/test-results/goals/G5C-001_terminal_reward_unit_test_results.md,G5B-003,terminal reward 테스트 통과,MEDIUM
G5C-002,Phase 5,Rewards,Shaping reward config,선택형 shaping reward config 구현,reward config,shaping on off 테스트,docs/test-results/goals/G5C-002_shaping_reward_config_unit_test_results.md,G5C-001,shaping reward 테스트 통과,LOW
G5D-001,Phase 5,Environment,RL environment reset,environment reset 구현,HeadlessRlEnvironment reset,reset deterministic 테스트,docs/test-results/goals/G5D-001_rl_environment_reset_unit_test_results.md,G5C-002,RL reset 테스트 통과,HIGH
G5D-002,Phase 5,Environment,RL environment step,environment step 구현,HeadlessRlEnvironment step,step observation reward terminal 테스트,docs/test-results/goals/G5D-002_rl_environment_step_unit_test_results.md,G5D-001,RL step 테스트 통과,HIGH
G5E-001,Phase 5,Policies,Scripted policy runner,scripted policy episode 실행 구현,Scripted policy runner,scripted episode 테스트,docs/test-results/goals/G5E-001_scripted_policy_runner_unit_test_results.md,G5D-002,scripted policy 테스트 통과,MEDIUM
G5E-002,Phase 5,Policies,Self-play policy runner,self-play episode 실행 구현,Self-play runner,self-play deterministic 테스트,docs/test-results/goals/G5E-002_self_play_policy_runner_unit_test_results.md,G5E-001,self-play 테스트 통과,MEDIUM
G5F-001,Phase 5,Batch,Batch episode runner,batch episode 실행 구현,EpisodeBatchRunner,batch result 테스트,docs/test-results/goals/G5F-001_batch_episode_runner_unit_test_results.md,G5E-002,batch runner 테스트 통과,MEDIUM
G5F-002,Phase 5,Batch,Parallel determinism verifier,parallel 실행 결정성 검증 구현,parallel verifier,parallel same seed 테스트,docs/test-results/goals/G5F-002_parallel_determinism_verifier_unit_test_results.md,G5F-001,parallel determinism 테스트 통과,MEDIUM
G5G-001,Phase 5,Dataset,Transition dataset model,transition dataset 모델 구현,RlTransition dataset,transition schema 테스트,docs/test-results/goals/G5G-001_transition_dataset_model_unit_test_results.md,G5F-002,dataset model 테스트 통과,MEDIUM
G5G-002,Phase 5,Dataset,JSONL export validation,JSONL export와 validation 구현,Jsonl exporter validator,jsonl schema 테스트,docs/test-results/goals/G5G-002_jsonl_export_validation_unit_test_results.md,G5G-001,JSONL export 테스트 통과,MEDIUM
G5Z-001,Phase 5,Gate,Phase 5 aggregate result,Phase 5 전체 결과 집계,phase5 result document,Phase 5 Goal 결과 문서 링크와 전체 테스트 통과 확인,docs/test-results/goals/G5Z-001_phase5_aggregate_unit_test_results.md,G5G-002,Phase 6 착수 가능,MEDIUM
G6A-001,Phase 6,Scenario,Scenario data model,검증 scenario 모델 정의,Scenario model,scenario parse 테스트,docs/test-results/goals/G6A-001_scenario_data_model_unit_test_results.md,G5Z-001,scenario model 테스트 통과,HIGH
G6A-002,Phase 6,Scenario,Scenario runner,scripted scenario 실행기 구현,ScenarioRunner,scenario execution 테스트,docs/test-results/goals/G6A-002_scenario_runner_unit_test_results.md,G6A-001,scenario runner 테스트 통과,HIGH
G6B-001,Phase 6,Replay,Replay export import,replay export import 구현,ReplayRecorder ReplayRunner,replay roundtrip 테스트,docs/test-results/goals/G6B-001_replay_export_import_unit_test_results.md,G6A-002,replay export import 테스트 통과,HIGH
G6B-002,Phase 6,Replay,Golden trace comparison,golden trace 비교 구현,GoldenTrace comparer,trace comparison 테스트,docs/test-results/goals/G6B-002_golden_trace_comparison_unit_test_results.md,G6B-001,golden trace 테스트 통과,HIGH
G6B-003,Phase 6,Replay,Deterministic fingerprint gate,deterministic fingerprint gate 구현,fingerprint gate,same replay same fingerprint 테스트,docs/test-results/goals/G6B-003_deterministic_fingerprint_gate_unit_test_results.md,G6B-002,fingerprint gate 테스트 통과,HIGH
G6C-001,Phase 6,Parity,AS-IS parity harness,AS-IS Unity scenario 비교 harness 구현,ParityHarness,curated scenario load 테스트,docs/test-results/goals/G6C-001_asis_parity_harness_unit_test_results.md,G6B-003,parity harness 테스트 통과,HIGH
G6C-002,Phase 6,Parity,Setup parity scenarios,setup 초기 상태 parity 작성,setup parity scenarios,setup parity 테스트,docs/test-results/goals/G6C-002_setup_parity_scenarios_unit_test_results.md,G6C-001,setup parity 테스트 통과,HIGH
G6C-003,Phase 6,Parity,Phase memory parity scenarios,phase와 memory parity 작성,phase memory parity scenarios,phase memory parity 테스트,docs/test-results/goals/G6C-003_phase_memory_parity_scenarios_unit_test_results.md,G6C-002,phase memory parity 테스트 통과,HIGH
G6C-004,Phase 6,Parity,Movement parity scenarios,zone movement parity 작성,movement parity scenarios,movement parity 테스트,docs/test-results/goals/G6C-004_movement_parity_scenarios_unit_test_results.md,G6C-003,movement parity 테스트 통과,HIGH
G6C-005,Phase 6,Parity,Main action parity scenarios,play digivolve option pass parity 작성,main action parity scenarios,main action parity 테스트,docs/test-results/goals/G6C-005_main_action_parity_scenarios_unit_test_results.md,G6C-004,main action parity 테스트 통과,HIGH
G6C-006,Phase 6,Parity,Combat parity scenarios,attack block battle parity 작성,combat parity scenarios,combat parity 테스트,docs/test-results/goals/G6C-006_combat_parity_scenarios_unit_test_results.md,G6C-005,combat parity 테스트 통과,HIGH
G6C-007,Phase 6,Parity,Security parity scenarios,security check와 security effect parity 작성,security parity scenarios,security parity 테스트,docs/test-results/goals/G6C-007_security_parity_scenarios_unit_test_results.md,G6C-006,security parity 테스트 통과,HIGH
G6C-008,Phase 6,Parity,Representative effect parity scenarios,대표 card effect parity 작성,effect parity scenarios,effect parity 테스트,docs/test-results/goals/G6C-008_representative_effect_parity_scenarios_unit_test_results.md,G6C-007,effect parity 테스트 통과,HIGH
G6D-001,Phase 6,Coverage,Card pool coverage report,card pool 구현 coverage report 작성,coverage report,coverage threshold 테스트,docs/test-results/goals/G6D-001_card_pool_coverage_report_unit_test_results.md,G6C-008,coverage report 테스트 통과,HIGH
G6D-002,Phase 6,Regression,Regression suite assembly,regression suite 범주 조립,RegressionSuite,suite category inclusion 테스트,docs/test-results/goals/G6D-002_regression_suite_assembly_unit_test_results.md,G6D-001,regression suite 테스트 통과,HIGH
G6D-003,Phase 6,Regression,Regression result document,regression 결과 문서 작성,regression result document,result document verification 테스트,docs/test-results/goals/G6D-003_regression_result_document_unit_test_results.md,G6D-002,regression result 문서 통과,HIGH
G6E-001,Phase 6,Performance,Episode throughput benchmark,training scale episode throughput 측정,performance benchmark,episode throughput 결과 테스트,docs/test-results/goals/G6E-001_episode_throughput_benchmark_results.md,G6D-003,performance benchmark 문서화,MEDIUM
G6Z-001,Phase 6,Gate,Final completion report,전체 completion gate 결과 작성,final completion report,Phase 0~6 result document 링크 검증,docs/test-results/goals/G6Z-001_final_completion_report.md,G6E-001,완성 판정 가능,HIGH
