Goal ID,단계,영역,목표,작업 범위,산출물,단위테스트 범위,상세 지시서,결과 문서,선행 Goal,완료 기준,우선순위
G0-001,Phase 0 - 설계/테스트 정책 확정,설계,설계 산출물 확정,핵심 설계 문서와 CSV 확정,아키텍처 설계 문서; 모듈 CSV; 의존성 CSV; 포팅 순서 문서,문서 존재와 CSV 파싱,docs/goal-specs/G0-001_설계_산출물_확정.md,docs/test-results/goals/G0-001_design_artifacts_unit_test_results.md,없음,문서와 CSV가 검증됨,높음
G0-002,Phase 0 - 설계/테스트 정책 확정,테스트,테스트 정책 확정,단위테스트 정책과 매트릭스 확정,단위테스트 계획서; 단위테스트 매트릭스,테스트 계획 문서와 매트릭스 파싱,docs/goal-specs/G0-002_테스트_정책_확정.md,docs/test-results/goals/G0-002_test_policy_unit_test_results.md,G0-001,테스트 정책 문서가 검증됨,높음
G0-003,Phase 0 - 설계/테스트 정책 확정,단계 완료 게이트,Phase 1 착수 게이트 검증,Unity 대체 기반 선행 조건 확인,Phase 0 검증 결과 문서,Phase 1 선행 조건과 후속 포팅 금지 확인,docs/goal-specs/G0-003_phase_1_착수_게이트_검증.md,docs/test-results/goals/G0-003_phase1_gate_unit_test_results.md,G0-002,Phase 1 착수 가능 판정,높음
G1A-001,Phase 1 - Unity 대체 기반 구현,런타임,Runtime DTO 모델 고정,MatchConfig StepResult MatchResult GameEvent 계약 고정,런타임 모델 파일,DTO 생성과 기본 불변성 테스트,docs/goal-specs/G1A-001_runtime_dto_모델_고정.md,docs/test-results/goals/G1A-001_runtime_models_unit_test_results.md,G0-003,Runtime DTO 테스트 통과,높음
G1A-002,Phase 1 - Unity 대체 기반 구현,런타임,Match lifecycle 계약,Initialize Reset Step Result 계약 고정,DcgoMatch 생명주기 API,lifecycle 호출 순서와 상태 전이 테스트,docs/goal-specs/G1A-002_match_lifecycle_계약.md,docs/test-results/goals/G1A-002_match_lifecycle_unit_test_results.md,G1A-001,lifecycle 테스트 통과,높음
G1A-003,Phase 1 - Unity 대체 기반 구현,런타임,Action 입력 결과 계약,action payload와 처리 결과 계약 고정,HeadlessAction/ActionProcessResult/IllegalAction 모델,legal illegal action 결과 테스트,docs/goal-specs/G1A-003_action_입력_결과_계약.md,docs/test-results/goals/G1A-003_action_contract_unit_test_results.md,G1A-001,action 계약 테스트 통과,높음
G1A-004,Phase 1 - Unity 대체 기반 구현,런타임,Observation LegalAction 계약,observe와 legal action 반환 계약 고정,ObservationSnapshot/LegalAction/ActionMask 계약,empty state observation과 legal action 계약 테스트,docs/goal-specs/G1A-004_observation_legalaction_계약.md,docs/test-results/goals/G1A-004_observation_legal_action_unit_test_results.md,G1A-001,observation legal action 테스트 통과,높음
G1A-005,Phase 1 - Unity 대체 기반 구현,런타임,Runtime aggregate 결과 문서,Runtime 계약 Goal 결과 집계,런타임 테스트 요약,Runtime Goal 결과 문서 링크 검증,docs/goal-specs/G1A-005_runtime_aggregate_결과_문서.md,docs/test-results/goals/G1A-005_runtime_aggregate_unit_test_results.md,G1A-002; G1A-003; G1A-004,Runtime 영역 완료,높음
G1B-001,Phase 1 - Unity 대체 기반 구현,상태/존,Stable ID와 entity registry,player card definition card instance id 기준 확정,HeadlessPlayerId/HeadlessEntityId 등록 구조,id equality serialization uniqueness 테스트,docs/goal-specs/G1B-001_stable_id와_entity_registry.md,docs/test-results/goals/G1B-001_stable_ids_unit_test_results.md,G1A-001,stable id 테스트 통과,높음
G1B-002,Phase 1 - Unity 대체 기반 구현,상태/존,MatchState PlayerState,양 플레이어와 전역 상태 모델 확정,MatchState/PlayerState,initial state snapshot 테스트,docs/goal-specs/G1B-002_matchstate_playerstate.md,docs/test-results/goals/G1B-002_match_player_state_unit_test_results.md,G1B-001,state 모델 테스트 통과,높음
G1B-003,Phase 1 - Unity 대체 기반 구현,상태/존,ZoneState,ordered hidden visible zone 모델 확정,ZoneState/ZoneId/Visibility 모델,deck hand security source order 테스트,docs/goal-specs/G1B-003_zonestate.md,docs/test-results/goals/G1B-003_zone_state_unit_test_results.md,G1B-002,zone state 테스트 통과,높음
G1B-004,Phase 1 - Unity 대체 기반 구현,상태/존,CardInstanceState,카드 인스턴스 mutable state 확정,카드 인스턴스 상태,suspend face-up source 수치/비용 변경 flag 테스트,docs/goal-specs/G1B-004_cardinstancestate.md,docs/test-results/goals/G1B-004_card_instance_state_unit_test_results.md,G1B-003,card instance state 테스트 통과,높음
G1B-005,Phase 1 - Unity 대체 기반 구현,상태/존,ZoneMover,카드 이동 mutation boundary 확정,IZoneMover/ZoneMoveRequest/CardMoved 이벤트,move insert remove shuffle 이벤트 테스트,docs/goal-specs/G1B-005_zonemover.md,docs/test-results/goals/G1B-005_zone_mover_unit_test_results.md,G1B-003; G1B-004,zone mover 테스트 통과,높음
G1B-006,Phase 1 - Unity 대체 기반 구현,상태/존,State snapshot fingerprint,상태 snapshot과 fingerprint 결정성 확정,스냅샷/핑거프린트 서비스,same state same fingerprint 테스트,docs/goal-specs/G1B-006_state_snapshot_fingerprint.md,docs/test-results/goals/G1B-006_state_snapshot_fingerprint_unit_test_results.md,G1B-005,state 결정성 테스트 통과,높음
G1C-001,Phase 1 - Unity 대체 기반 구현,Unity 전역 접근 대체,EngineContext,service container와 current match context 확정,EngineContext,service registration lookup 테스트,docs/goal-specs/G1C-001_enginecontext.md,docs/test-results/goals/G1C-001_engine_context_unit_test_results.md,G1A-002,EngineContext 테스트 통과,높음
G1C-002,Phase 1 - Unity 대체 기반 구현,Unity 전역 접근 대체,GManagerBridge,GManager instance 대체 매핑 확정,GManagerBridge,turn effect attack state service access 테스트,docs/goal-specs/G1C-002_gmanagerbridge.md,docs/test-results/goals/G1C-002_gmanager_bridge_unit_test_results.md,G1C-001,GManagerBridge 테스트 통과,높음
G1C-003,Phase 1 - Unity 대체 기반 구현,Unity 전역 접근 대체,ContinuousContext,ContinuousController 대체 config 확정,ContinuousContext/MatchConfig 매핑,seed option deck session config 테스트,docs/goal-specs/G1C-003_continuouscontext.md,docs/test-results/goals/G1C-003_continuous_context_unit_test_results.md,G1C-001,ContinuousContext 테스트 통과,높음
G1C-004,Phase 1 - Unity 대체 기반 구현,Unity 전역 접근 대체,Unity-only exclusion policy,Unity-only 접근 제외 정책 확정,Unity 전용 객체 제외 정책,UI scene animation access exclusion 테스트,docs/goal-specs/G1C-004_unity_only_exclusion_policy.md,docs/test-results/goals/G1C-004_unity_exclusion_policy_unit_test_results.md,G1C-002; G1C-003,Unity-only exclusion 테스트 통과,높음
G1D-001,Phase 1 - Unity 대체 기반 구현,코루틴 대체,EngineTask contract,Headless task 계약 확정,IEngineTask/EngineTaskStatus,task step completion error 테스트,docs/goal-specs/G1D-001_enginetask_contract.md,docs/test-results/goals/G1D-001_engine_task_contract_unit_test_results.md,G1A-002,EngineTask 계약 테스트 통과,높음
G1D-002,Phase 1 - Unity 대체 기반 구현,코루틴 대체,WaitCondition,WaitForSeconds WaitWhile 대체 조건 확정,EngineWaitCondition,seconds condition deterministic 테스트,docs/goal-specs/G1D-002_waitcondition.md,docs/test-results/goals/G1D-002_wait_condition_unit_test_results.md,G1D-001,wait condition 테스트 통과,높음
G1D-003,Phase 1 - Unity 대체 기반 구현,코루틴 대체,CoroutineAdapter,IEnumerator 어댑터 확정,CoroutineAdapter,nested enumerator completion 테스트,docs/goal-specs/G1D-003_coroutineadapter.md,docs/test-results/goals/G1D-003_coroutine_adapter_unit_test_results.md,G1D-002,CoroutineAdapter 테스트 통과,높음
G1D-004,Phase 1 - Unity 대체 기반 구현,코루틴 대체,TaskRunner 안정화,task queue runner 확정,EngineTaskRunner,run until idle queue order error propagation 테스트,docs/goal-specs/G1D-004_taskrunner_안정화.md,docs/test-results/goals/G1D-004_task_runner_unit_test_results.md,G1D-003,TaskRunner 테스트 통과,높음
G1E-001,Phase 1 - Unity 대체 기반 구현,선택 처리 대체,Choice schema,choice request candidate zone type 스키마 확정,ChoiceRequest/ChoiceCandidate/ChoiceType/ChoiceZone,스키마 검증 테스트,docs/goal-specs/G1E-001_choice_schema.md,docs/test-results/goals/G1E-001_choice_schema_unit_test_results.md,G1A-003,Choice 스키마 테스트 통과,높음
G1E-002,Phase 1 - Unity 대체 기반 구현,선택 처리 대체,ChoiceResult validation,선택 결과 검증 기준 확정,ChoiceResult/ChoiceOption,select count skip invalid candidate 테스트,docs/goal-specs/G1E-002_choiceresult_validation.md,docs/test-results/goals/G1E-002_choice_result_validation_unit_test_results.md,G1E-001,ChoiceResult 테스트 통과,높음
G1E-003,Phase 1 - Unity 대체 기반 구현,선택 처리 대체,ScriptedChoiceProvider,scripted deterministic choice 확정,ScriptedChoiceProvider,queued 결과 deterministic 테스트,docs/goal-specs/G1E-003_scriptedchoiceprovider.md,docs/test-results/goals/G1E-003_scripted_choice_provider_unit_test_results.md,G1E-002,Scripted provider 테스트 통과,높음
G1E-004,Phase 1 - Unity 대체 기반 구현,선택 처리 대체,PolicyChoiceProvider,policy delegate choice 확정,PolicyChoiceProvider,delegate cancellation error 테스트,docs/goal-specs/G1E-004_policychoiceprovider.md,docs/test-results/goals/G1E-004_policy_choice_provider_unit_test_results.md,G1E-002,Policy provider 테스트 통과,높음
G1E-005,Phase 1 - Unity 대체 기반 구현,선택 처리 대체,Choice pause resume contract,choice pending과 resume 계약 확정,PendingChoiceState runtime integration 계약,pause resume 결과 테스트,docs/goal-specs/G1E-005_choice_pause_resume_contract.md,docs/test-results/goals/G1E-005_choice_pause_resume_unit_test_results.md,G1E-003; G1E-004,choice pause resume 테스트 통과,높음
G1F-001,Phase 1 - Unity 대체 기반 구현,효과 처리,Effect request context schema,effect context 계약 확정,EffectRequest/EffectContext/EffectResult,source owner 트리거 target context 테스트,docs/goal-specs/G1F-001_effect_request_context_schema.md,docs/test-results/goals/G1F-001_effect_context_schema_unit_test_results.md,G1B-001; G1E-001,Effect context 테스트 통과,높음
G1F-002,Phase 1 - Unity 대체 기반 구현,효과 처리,EffectResolutionQueue,effect queue ordering 확정,EffectResolutionQueue/PendingEffect,enqueue dequeue order clear 테스트,docs/goal-specs/G1F-002_effectresolutionqueue.md,docs/test-results/goals/G1F-002_effect_resolution_queue_unit_test_results.md,G1F-001,Effect queue 테스트 통과,높음
G1F-003,Phase 1 - Unity 대체 기반 구현,효과 처리,EffectScheduler,effect resolve orchestration 확정,EffectScheduler,resolve next resolve all choice pause 테스트,docs/goal-specs/G1F-003_effectscheduler.md,docs/test-results/goals/G1F-003_effect_scheduler_unit_test_results.md,G1F-002; G1E-005,EffectScheduler 테스트 통과,높음
G1F-004,Phase 1 - Unity 대체 기반 구현,효과 처리,TimingWindowResolver contract,트리거 timing 계약 확정,TimingWindowResolver 인터페이스,트리거 수집 ordering 계약 테스트,docs/goal-specs/G1F-004_timingwindowresolver_contract.md,docs/test-results/goals/G1F-004_timing_window_contract_unit_test_results.md,G1F-003,Timing 계약 테스트 통과,높음
G1F-005,Phase 1 - Unity 대체 기반 구현,효과 처리,EffectRegistry contract,effect lookup 계약 확정,EffectRegistry 인터페이스,register lookup missing binding 테스트,docs/goal-specs/G1F-005_effectregistry_contract.md,docs/test-results/goals/G1F-005_effect_registry_contract_unit_test_results.md,G1F-001,EffectRegistry 계약 테스트 통과,높음
G1F-006,Phase 1 - Unity 대체 기반 구현,효과 처리,Continuous Replacement query contract,상시 대체 효과 조회 경계 확정,IEffectQueryService 계약s,수치/비용 변경 제한 대체 효과 query 테스트,docs/goal-specs/G1F-006_continuous_replacement_query_contract.md,docs/test-results/goals/G1F-006_continuous_replacement_query_unit_test_results.md,G1F-005,Effect query 계약 테스트 통과,높음
G1G-001,Phase 1 - Unity 대체 기반 구현,세션/네트워크 대체,Player session model,local player session 모델 확정,HeadlessPlayerId SessionContext,player ownership turn identity 테스트,docs/goal-specs/G1G-001_player_session_model.md,docs/test-results/goals/G1G-001_player_session_model_unit_test_results.md,G1B-001,session 모델 테스트 통과,높음
G1G-002,Phase 1 - Unity 대체 기반 구현,세션/네트워크 대체,Action queue replay metadata,action queue와 replay metadata 확정,HeadlessActionQueue ReplayActionRecord,ordering metadata serialization 테스트,docs/goal-specs/G1G-002_action_queue_replay_metadata.md,docs/test-results/goals/G1G-002_action_queue_replay_unit_test_results.md,G1G-001; G1A-003,action queue 테스트 통과,높음
G1G-003,Phase 1 - Unity 대체 기반 구현,세션/네트워크 대체,Photon dependency guard,Photon 제거 검증 확정,dependency scan 테스트,Photon namespace absence 테스트,docs/goal-specs/G1G-003_photon_dependency_guard.md,docs/test-results/goals/G1G-003_photon_dependency_guard_unit_test_results.md,G1G-002,Photon guard 테스트 통과,높음
G1H-001,Phase 1 - Unity 대체 기반 구현,데이터 로딩,Card repository contract,card lookup 계약 확정,ICardRepository CardRecord,get missing query 테스트,docs/goal-specs/G1H-001_card_repository_contract.md,docs/test-results/goals/G1H-001_card_repository_contract_unit_test_results.md,G1B-001,Card repository 테스트 통과,높음
G1H-002,Phase 1 - Unity 대체 기반 구현,데이터 로딩,Card JSON loader,card JSON loading 계약 확정,CardAssetJsonLoader,valid invalid 스키마 deterministic failure 테스트,docs/goal-specs/G1H-002_card_json_loader.md,docs/test-results/goals/G1H-002_card_json_loader_unit_test_results.md,G1H-001,Card JSON loader 테스트 통과,높음
G1H-003,Phase 1 - Unity 대체 기반 구현,데이터 로딩,Deck list loader,decklist parsing 계약 확정,DeckListLoader,deck code file invalid entry 테스트,docs/goal-specs/G1H-003_deck_list_loader.md,docs/test-results/goals/G1H-003_deck_list_loader_unit_test_results.md,G1H-001,Deck loader 테스트 통과,높음
G1H-004,Phase 1 - Unity 대체 기반 구현,데이터 로딩,Banlist loader,banlist loading 계약 확정,BanlistLoader,valid invalid banlist 테스트,docs/goal-specs/G1H-004_banlist_loader.md,docs/test-results/goals/G1H-004_banlist_loader_unit_test_results.md,G1H-001,Banlist loader 테스트 통과,중간
G1H-005,Phase 1 - Unity 대체 기반 구현,데이터 로딩,Unity asset exclusion guard,gameplay data에서 visual asset 제외 확정,asset exclusion scan,image prefab audio animation exclusion 테스트,docs/goal-specs/G1H-005_unity_asset_exclusion_guard.md,docs/test-results/goals/G1H-005_unity_asset_exclusion_guard_unit_test_results.md,G1H-002; G1H-003,Unity asset guard 테스트 통과,높음
G1I-001,Phase 1 - Unity 대체 기반 구현,진단/결정성,Seeded random,deterministic random 확정,IRandomSource/GameRandomSource,next shuffle same seed 테스트,docs/goal-specs/G1I-001_seeded_random.md,docs/test-results/goals/G1I-001_seeded_random_unit_test_results.md,G1A-001,Seeded random 테스트 통과,높음
G1I-002,Phase 1 - Unity 대체 기반 구현,진단/결정성,EngineTrace,trace sequence와 fingerprint 확정,EngineTrace/TraceEvent,record snapshot clear fingerprint 테스트,docs/goal-specs/G1I-002_enginetrace.md,docs/test-results/goals/G1I-002_engine_trace_unit_test_results.md,G1A-001,EngineTrace 테스트 통과,높음
G1I-003,Phase 1 - Unity 대체 기반 구현,진단/결정성,Log sink,log sink 계약 확정,ILogSink/NullLogSink/InMemoryLogSink,info warn error null sink 테스트,docs/goal-specs/G1I-003_log_sink.md,docs/test-results/goals/G1I-003_log_sink_unit_test_results.md,G1I-002,Log sink 테스트 통과,중간
G1I-004,Phase 1 - Unity 대체 기반 구현,진단/결정성,Forbidden dependency scan,금지 의존성 scan 확정,dependency scan 테스트,Unity Photon TMPro DOTween UI namespace absence 테스트,docs/goal-specs/G1I-004_forbidden_dependency_scan.md,docs/test-results/goals/G1I-004_forbidden_dependency_scan_unit_test_results.md,G1G-003; G1H-005,forbidden dependency 테스트 통과,높음
G1I-005,Phase 1 - Unity 대체 기반 구현,단계 완료 게이트,Phase 1 aggregate result,Phase 1 전체 결과 집계,phase1 결과 document,Goal 결과 문서 링크와 전체 테스트 통과 확인,docs/goal-specs/G1I-005_phase_1_aggregate_result.md,docs/test-results/goals/G1I-005_phase1_aggregate_unit_test_results.md,G1A-005; G1B-006; G1C-004; G1D-004; G1E-005; G1F-006; G1G-003; G1H-005; G1I-004,Phase 2 착수 가능,높음
G2A-001,Phase 2 - AS-IS 핵심 흐름 포팅,턴/페이즈 흐름,Phase enum과 state mapping 포팅,AS-IS phase 값을 Headless phase로 매핑,HeadlessPhase 매핑,phase 매핑 roundtrip 테스트,docs/goal-specs/G2A-001_phase_enum과_state_mapping_포팅.md,docs/test-results/goals/G2A-001_phase_mapping_unit_test_results.md,G1I-005,phase 매핑 테스트 통과,높음
G2A-002,Phase 2 - AS-IS 핵심 흐름 포팅,턴/페이즈 흐름,매치 setup과 선후공 흐름 포팅,초기 player turn security hand setup,setup 흐름,선후공 초기 세팅 테스트,docs/goal-specs/G2A-002_매치_setup과_선후공_흐름_포팅.md,docs/test-results/goals/G2A-002_setup_first_player_unit_test_results.md,G2A-001,setup 테스트 통과,높음
G2A-003,Phase 2 - AS-IS 핵심 흐름 포팅,턴/페이즈 흐름,Draw Unsuspend Breeding phase 포팅,초기 phase progression 포팅,페이즈 전이 implementation,draw unsuspend breeding 테스트,docs/goal-specs/G2A-003_draw_unsuspend_breeding_phase_포팅.md,docs/test-results/goals/G2A-003_early_phase_flow_unit_test_results.md,G2A-002,초기 phase 테스트 통과,높음
G2A-004,Phase 2 - AS-IS 핵심 흐름 포팅,턴/페이즈 흐름,Main phase와 memory pass 포팅,main phase 진입과 메모리 패스 처리,main phase memory logic,메모리 패스 테스트,docs/goal-specs/G2A-004_main_phase와_memory_pass_포팅.md,docs/test-results/goals/G2A-004_main_phase_memory_pass_unit_test_results.md,G2A-003,main phase 테스트 통과,높음
G2A-005,Phase 2 - AS-IS 핵심 흐름 포팅,턴/페이즈 흐름,End turn cleanup 포팅,턴 종료와 once flag cleanup 처리,end turn cleanup,end turn flag reset 테스트,docs/goal-specs/G2A-005_end_turn_cleanup_포팅.md,docs/test-results/goals/G2A-005_end_turn_cleanup_unit_test_results.md,G2A-004,end turn 테스트 통과,높음
G2A-006,Phase 2 - AS-IS 핵심 흐름 포팅,턴/페이즈 흐름,Legal action dispatch hook 포팅,phase별 legal action 조회 연결,legal action dispatcher,phase legal action 테스트,docs/goal-specs/G2A-006_legal_action_dispatch_hook_포팅.md,docs/test-results/goals/G2A-006_legal_action_dispatch_unit_test_results.md,G2A-005,legal dispatch 테스트 통과,높음
G2B-001,Phase 2 - AS-IS 핵심 흐름 포팅,게임 컨텍스트,GameContext state accessor 포팅,AS-IS GameContext 접근을 MatchState로 연결,GameContext 어댑터,상태 읽기/쓰기 테스트,docs/goal-specs/G2B-001_gamecontext_state_accessor_포팅.md,docs/test-results/goals/G2B-001_gamecontext_state_accessor_unit_test_results.md,G2A-002,GameContext accessor 테스트 통과,높음
G2B-002,Phase 2 - AS-IS 핵심 흐름 포팅,게임 컨텍스트,Visibility view 포팅,player view와 debug full view 분리,visibility view,비공개 정보 시야 테스트,docs/goal-specs/G2B-002_visibility_view_포팅.md,docs/test-results/goals/G2B-002_visibility_view_unit_test_results.md,G2B-001,visibility 테스트 통과,높음
G2C-001,Phase 2 - AS-IS 핵심 흐름 포팅,플레이어 상태,Player zone ownership 포팅,deck hand field trash security ownership 연결,Player zone 어댑터,존 소유자 테스트,docs/goal-specs/G2C-001_player_zone_ownership_포팅.md,docs/test-results/goals/G2C-001_player_zone_ownership_unit_test_results.md,G2B-001,player zone 테스트 통과,높음
G2C-002,Phase 2 - AS-IS 핵심 흐름 포팅,플레이어 상태,Memory security deck loss check 포팅,player memory security deck loss 판단,Player rule 어댑터,memory security deck loss 테스트,docs/goal-specs/G2C-002_memory_security_deck_loss_check_포팅.md,docs/test-results/goals/G2C-002_player_terminal_checks_unit_test_results.md,G2C-001,player terminal check 테스트 통과,높음
G2D-001,Phase 2 - AS-IS 핵심 흐름 포팅,카드 컨트롤러,Card identity binding 포팅,CardController와 카드 인스턴스 상태 연결,card identity 어댑터,카드 인스턴스 연결 테스트,docs/goal-specs/G2D-001_card_identity_binding_포팅.md,docs/test-results/goals/G2D-001_card_identity_binding_unit_test_results.md,G2C-001,card identity 테스트 통과,높음
G2D-002,Phase 2 - AS-IS 핵심 흐름 포팅,카드 컨트롤러,Zone movement event 포팅,카드 이동과 이벤트 발생 연결,card movement port,이동 이벤트 테스트,docs/goal-specs/G2D-002_zone_movement_event_포팅.md,docs/test-results/goals/G2D-002_card_zone_movement_unit_test_results.md,G2D-001,card movement 테스트 통과,높음
G2D-003,Phase 2 - AS-IS 핵심 흐름 포팅,카드 컨트롤러,Suspend reveal state 포팅,suspend unsuspend reveal face-up 처리,card state mutation,suspend reveal 테스트,docs/goal-specs/G2D-003_suspend_reveal_state_포팅.md,docs/test-results/goals/G2D-003_card_suspend_reveal_unit_test_results.md,G2D-002,card state mutation 테스트 통과,높음
G2D-004,Phase 2 - AS-IS 핵심 흐름 포팅,카드 컨트롤러,Digivolution source attach 포팅,진화원 attach detach와 source order 처리,진화원 스택 mutation,source attach detach 테스트,docs/goal-specs/G2D-004_digivolution_source_attach_포팅.md,docs/test-results/goals/G2D-004_digivolution_source_attach_unit_test_results.md,G2D-003,진화원 스택 테스트 통과,높음
G2E-001,Phase 2 - AS-IS 핵심 흐름 포팅,메인 페이즈 액션,PlayCardAction 포팅,카드 플레이 action 검증과 apply,PlayCardAction,카드 플레이 합법성/적용 테스트,docs/goal-specs/G2E-001_playcardaction_포팅.md,docs/test-results/goals/G2E-001_play_card_action_unit_test_results.md,G2A-006; G2D-002,play action 테스트 통과,높음
G2E-002,Phase 2 - AS-IS 핵심 흐름 포팅,메인 페이즈 액션,Digivolve action 포팅,디지볼브 action 검증과 apply,DigivolveAction,디지볼브 합법성/적용 테스트,docs/goal-specs/G2E-002_digivolve_action_포팅.md,docs/test-results/goals/G2E-002_digivolve_action_unit_test_results.md,G2E-001; G2D-004,digivolve action 테스트 통과,높음
G2E-003,Phase 2 - AS-IS 핵심 흐름 포팅,메인 페이즈 액션,Option activate action 포팅,옵션 사용 action 검증과 apply,ActivateCardAction option 흐름,옵션 사용 테스트,docs/goal-specs/G2E-003_option_activate_action_포팅.md,docs/test-results/goals/G2E-003_option_activate_action_unit_test_results.md,G2E-001,option action 테스트 통과,높음
G2E-004,Phase 2 - AS-IS 핵심 흐름 포팅,메인 페이즈 액션,Attack action 연결 포팅,공격 action을 AttackProcess로 연결,AttackPermanentAction attack intent,attack action dispatch 테스트,docs/goal-specs/G2E-004_attack_action_연결_포팅.md,docs/test-results/goals/G2E-004_attack_action_dispatch_unit_test_results.md,G2A-006,attack action dispatch 테스트 통과,높음
G2E-005,Phase 2 - AS-IS 핵심 흐름 포팅,메인 페이즈 액션,Pass와 Cheat guard 포팅,pass action과 cheat action 제외 정책,PassAction CheatAction guard,pass cheat guard 테스트,docs/goal-specs/G2E-005_pass와_cheat_guard_포팅.md,docs/test-results/goals/G2E-005_pass_cheat_guard_unit_test_results.md,G2E-001,pass guard 테스트 통과,중간
G2F-001,Phase 2 - AS-IS 핵심 흐름 포팅,자동 효과 처리,Trigger event collection 포팅,GameEvent에서 트리거 후보 수집,AutoProcessing 트리거 collector,이벤트 트리거 수집 테스트,docs/goal-specs/G2F-001_trigger_event_collection_포팅.md,docs/test-results/goals/G2F-001_trigger_collection_unit_test_results.md,G2A-006; G1F-006,트리거 수집 테스트 통과,높음
G2F-002,Phase 2 - AS-IS 핵심 흐름 포팅,자동 효과 처리,Mandatory effect ordering 포팅,mandatory effect 순서 처리,mandatory effect ordering,강제 효과 순서 테스트,docs/goal-specs/G2F-002_mandatory_effect_ordering_포팅.md,docs/test-results/goals/G2F-002_mandatory_effect_order_unit_test_results.md,G2F-001,강제 효과 순서ing 테스트 통과,높음
G2F-003,Phase 2 - AS-IS 핵심 흐름 포팅,자동 효과 처리,Optional prompt queue 포팅,optional effect 선택 요청 연결,optional prompt queue,선택 효과 선택 테스트,docs/goal-specs/G2F-003_optional_prompt_queue_포팅.md,docs/test-results/goals/G2F-003_optional_prompt_queue_unit_test_results.md,G2F-002; G1E-005,optional prompt 테스트 통과,높음
G2F-004,Phase 2 - AS-IS 핵심 흐름 포팅,자동 효과 처리,Security delayed trigger hook 포팅,security와 delayed 트리거 연결,security delayed hook,security delayed 트리거 테스트,docs/goal-specs/G2F-004_security_delayed_trigger_hook_포팅.md,docs/test-results/goals/G2F-004_security_delayed_trigger_hook_unit_test_results.md,G2F-003,security delayed hook 테스트 통과,높음
G2G-001,Phase 2 - AS-IS 핵심 흐름 포팅,공격/배틀 처리,Attack declaration target 포팅,공격 선언과 target 후보 생성,공격 선언,target candidate 테스트,docs/goal-specs/G2G-001_attack_declaration_target_포팅.md,docs/test-results/goals/G2G-001_attack_declaration_targets_unit_test_results.md,G2E-004,공격 선언 테스트 통과,높음
G2G-002,Phase 2 - AS-IS 핵심 흐름 포팅,공격/배틀 처리,Block timing 포팅,block timing window와 blocker 선택,block timing,블록 선택 테스트,docs/goal-specs/G2G-002_block_timing_포팅.md,docs/test-results/goals/G2G-002_block_timing_unit_test_results.md,G2G-001; G1E-005,block timing 테스트 통과,높음
G2G-003,Phase 2 - AS-IS 핵심 흐름 포팅,공격/배틀 처리,Battle DP deletion 포팅,DP 비교와 battle deletion 처리,battle resolver,배틀 DP 비교/삭제 테스트,docs/goal-specs/G2G-003_battle_dp_deletion_포팅.md,docs/test-results/goals/G2G-003_battle_dp_deletion_unit_test_results.md,G2G-002,battle 테스트 통과,높음
G2G-004,Phase 2 - AS-IS 핵심 흐름 포팅,공격/배틀 처리,Security check 포팅,시큐리티 체크와 security zone 이동,security resolver,시큐리티 체크 테스트,docs/goal-specs/G2G-004_security_check_포팅.md,docs/test-results/goals/G2G-004_security_check_unit_test_results.md,G2G-003,시큐리티 체크 테스트 통과,높음
G2G-005,Phase 2 - AS-IS 핵심 흐름 포팅,공격/배틀 처리,End attack trigger 포팅,end attack 이벤트와 트리거 연결,end attack 트리거 hook,end attack 트리거 테스트,docs/goal-specs/G2G-005_end_attack_trigger_포팅.md,docs/test-results/goals/G2G-005_end_attack_trigger_unit_test_results.md,G2G-004; G2F-001,end attack 트리거 테스트 통과,높음
G2Z-001,Phase 2 - AS-IS 핵심 흐름 포팅,단계 완료 게이트,Phase 2 aggregate result,Phase 2 전체 결과 집계,Phase 2 결과 문서,Phase 2 Goal 결과 문서 링크와 전체 테스트 통과 확인,docs/goal-specs/G2Z-001_phase_2_aggregate_result.md,docs/test-results/goals/G2Z-001_phase2_aggregate_unit_test_results.md,G2A-006; G2B-002; G2C-002; G2D-004; G2E-005; G2F-004; G2G-005,Phase 3 착수 가능,높음
G3A-001,Phase 3 - 공통 룰/효과 인프라 포팅,효과 계약,ICardEffect contract 포팅,typed card effect 실행 계약 포팅,ICardEffect equivalent,resolve 계약 테스트,docs/goal-specs/G3A-001_icardeffect_contract_포팅.md,docs/test-results/goals/G3A-001_icard_effect_contract_unit_test_results.md,G2Z-001,effect 계약 테스트 통과,높음
G3A-002,Phase 3 - 공통 룰/효과 인프라 포팅,효과 계약,SkillInfo 포팅,SkillInfo와 effect metadata 포팅,SkillInfo 모델,skill metadata 테스트,docs/goal-specs/G3A-002_skillinfo_포팅.md,docs/test-results/goals/G3A-002_skill_info_unit_test_results.md,G3A-001,SkillInfo 테스트 통과,높음
G3B-001,Phase 3 - 공통 룰/효과 인프라 포팅,효과 컨텍스트,Hashtable 제거 adapter 포팅,GetFromHashtable와 HashtableSetting typed 전환,typed context 어댑터,hashtable key 대체 효과 테스트,docs/goal-specs/G3B-001_hashtable_제거_adapter_포팅.md,docs/test-results/goals/G3B-001_hashtable_replacement_adapter_unit_test_results.md,G3A-002,Hashtable 대체 효과 테스트 통과,높음
G3C-001,Phase 3 - 공통 룰/효과 인프라 포팅,조건 처리,Trigger condition helper 포팅,on play on digivolve when attacking 조건 헬퍼,트리거 condition 헬퍼s,트리거 condition 테스트,docs/goal-specs/G3C-001_trigger_condition_helper_포팅.md,docs/test-results/goals/G3C-001_trigger_condition_helpers_unit_test_results.md,G3B-001,트리거 condition 테스트 통과,높음
G3C-002,Phase 3 - 공통 룰/효과 인프라 포팅,조건 처리,CanUseEffects helper 포팅,CanUseEffects 하위 condition 포팅,can use 헬퍼s,can use effect 테스트,docs/goal-specs/G3C-002_canuseeffects_helper_포팅.md,docs/test-results/goals/G3C-002_can_use_effect_helpers_unit_test_results.md,G3C-001,CanUseEffects 테스트 통과,높음
G3D-001,Phase 3 - 공통 룰/효과 인프라 포팅,요구사항 처리,MinMax DP Cost Level helper 포팅,DP cost level min max 조건 포팅,min max 헬퍼s,min max 조건 테스트,docs/goal-specs/G3D-001_minmax_dp_cost_level_helper_포팅.md,docs/test-results/goals/G3D-001_minmax_dp_cost_level_unit_test_results.md,G3C-002,minmax 테스트 통과,높음
G3D-002,Phase 3 - 공통 룰/효과 인프라 포팅,요구사항 처리,Name color trait requirement 포팅,이름 색 특성 요구사항 포팅,requirement 헬퍼s,name color trait 테스트,docs/goal-specs/G3D-002_name_color_trait_requirement_포팅.md,docs/test-results/goals/G3D-002_name_color_trait_requirements_unit_test_results.md,G3D-001,requirement 테스트 통과,높음
G3E-001,Phase 3 - 공통 룰/효과 인프라 포팅,비용 처리,Play cost helper 포팅,play cost와 cost 수치/비용 변경 헬퍼 포팅,play cost 헬퍼,play cost 테스트,docs/goal-specs/G3E-001_play_cost_helper_포팅.md,docs/test-results/goals/G3E-001_play_cost_helper_unit_test_results.md,G3D-002,play cost 테스트 통과,높음
G3E-002,Phase 3 - 공통 룰/효과 인프라 포팅,비용 처리,Digivolution cost helper 포팅,digivolution cost와 reduction 헬퍼 포팅,digivolution cost 헬퍼,digivolve cost 테스트,docs/goal-specs/G3E-002_digivolution_cost_helper_포팅.md,docs/test-results/goals/G3E-002_digivolution_cost_helper_unit_test_results.md,G3E-001,digivolution cost 테스트 통과,높음
G3F-001,Phase 3 - 공통 룰/효과 인프라 포팅,대상/존 조회,Target filtering helper 포팅,card permanent player target filtering 포팅,target filter 헬퍼s,target filtering 테스트,docs/goal-specs/G3F-001_target_filtering_helper_포팅.md,docs/test-results/goals/G3F-001_target_filtering_helpers_unit_test_results.md,G3D-002,target filtering 테스트 통과,높음
G3F-002,Phase 3 - 공통 룰/효과 인프라 포팅,대상/존 조회,Zone query helper 포팅,library trash security source zone query 헬퍼 포팅,zone query 헬퍼s,zone query 테스트,docs/goal-specs/G3F-002_zone_query_helper_포팅.md,docs/test-results/goals/G3F-002_zone_query_helpers_unit_test_results.md,G3F-001,zone query 테스트 통과,높음
G3G-001,Phase 3 - 공통 룰/효과 인프라 포팅,키워드 효과,Keyword base batch 1 포팅,blocker jamming reboot piercing base 구현,키워드 base batch1,키워드 base batch1 테스트,docs/goal-specs/G3G-001_keyword_base_batch_1_포팅.md,docs/test-results/goals/G3G-001_keyword_base_batch1_unit_test_results.md,G3F-002,키워드 base1 테스트 통과,높음
G3G-002,Phase 3 - 공통 룰/효과 인프라 포팅,키워드 효과,Keyword base batch 2 포팅,rush blitz retaliation armor purge base 구현,키워드 base batch2,키워드 base batch2 테스트,docs/goal-specs/G3G-002_keyword_base_batch_2_포팅.md,docs/test-results/goals/G3G-002_keyword_base_batch2_unit_test_results.md,G3G-001,키워드 base2 테스트 통과,높음
G3H-001,Phase 3 - 공통 룰/효과 인프라 포팅,수치/비용 변경,DP cost security attack modifier helper 포팅,DP cost SAttack 변경 헬퍼 포팅,수치/비용 변경 헬퍼s,수치/비용 변경 테스트,docs/goal-specs/G3H-001_dp_cost_security_attack_modifier_helper_포팅.md,docs/test-results/goals/G3H-001_modifier_helpers_unit_test_results.md,G3E-002,수치/비용 변경 헬퍼 테스트 통과,높음
G3H-002,Phase 3 - 공통 룰/효과 인프라 포팅,제한/불가 효과,Cannot restriction helper 포팅,cannot attack block delete return suspend 계열 포팅,제한 헬퍼s,제한 테스트,docs/goal-specs/G3H-002_cannot_restriction_helper_포팅.md,docs/test-results/goals/G3H-002_cannot_restriction_helpers_unit_test_results.md,G3H-001,제한 테스트 통과,높음
G3I-001,Phase 3 - 공통 룰/효과 인프라 포팅,대체 효과,Replacement prevention helper 포팅,pr이벤트 redirect immune 대체 효과 포팅,대체 효과 헬퍼s,대체 효과 테스트,docs/goal-specs/G3I-001_replacement_prevention_helper_포팅.md,docs/test-results/goals/G3I-001_replacement_prevention_helpers_unit_test_results.md,G3H-002,대체 효과 테스트 통과,높음
G3I-002,Phase 3 - 공통 룰/효과 인프라 포팅,상시 효과,Continuous effect evaluator 포팅,상시 효과 재평가 헬퍼 포팅,상시 효과 evaluator,상시 효과 recalculation 테스트,docs/goal-specs/G3I-002_continuous_effect_evaluator_포팅.md,docs/test-results/goals/G3I-002_continuous_effect_evaluator_unit_test_results.md,G3I-001,상시 효과 테스트 통과,높음
G3J-001,Phase 3 - 공통 룰/효과 인프라 포팅,효과 팩토리,CardEffectFactory binding 포팅,card id 트리거 기반 effect binding 포팅,CardEffectFactory binding,팩토리 lookup 테스트,docs/goal-specs/G3J-001_cardeffectfactory_binding_포팅.md,docs/test-results/goals/G3J-001_card_effect_factory_binding_unit_test_results.md,G3I-002,CardEffectFactory 테스트 통과,높음
G3J-002,Phase 3 - 공통 룰/효과 인프라 포팅,효과 팩토리,PermanentEffectFactory binding 포팅,permanent effect binding 포팅,PermanentEffectFactory binding,permanent lookup 테스트,docs/goal-specs/G3J-002_permanenteffectfactory_binding_포팅.md,docs/test-results/goals/G3J-002_permanent_effect_factory_binding_unit_test_results.md,G3J-001,PermanentEffectFactory 테스트 통과,높음
G3K-001,Phase 3 - 공통 룰/효과 인프라 포팅,효과 선택,Effect selection helper 포팅,effect 내부 선택 요청 헬퍼 포팅,effect choice 헬퍼s,effect choice 테스트,docs/goal-specs/G3K-001_effect_selection_helper_포팅.md,docs/test-results/goals/G3K-001_effect_selection_helpers_unit_test_results.md,G3J-002; G1E-005,effect selection 테스트 통과,높음
G3K-002,Phase 3 - 공통 룰/효과 인프라 포팅,타이밍/우선순위,Timing priority helper 포팅,turn player ordering optional mandatory priority 포팅,timing priority 헬퍼s,timing priority 테스트,docs/goal-specs/G3K-002_timing_priority_helper_포팅.md,docs/test-results/goals/G3K-002_timing_priority_helpers_unit_test_results.md,G3K-001,timing priority 테스트 통과,높음
G3L-001,Phase 3 - 공통 룰/효과 인프라 포팅,턴 제한 플래그,Once per turn flag helper 포팅,turn-scoped flag와 reset 헬퍼 포팅,once flag 헬퍼s,once per turn 테스트,docs/goal-specs/G3L-001_once_per_turn_flag_helper_포팅.md,docs/test-results/goals/G3L-001_once_per_turn_flags_unit_test_results.md,G3K-002,once flag 테스트 통과,높음
G3L-002,Phase 3 - 공통 룰/효과 인프라 포팅,진화원/부여/시큐리티 효과,Inherited granted security helper 포팅,inherited granted security effect 헬퍼 포팅,inherited granted 헬퍼s,inherited granted security 테스트,docs/goal-specs/G3L-002_inherited_granted_security_helper_포팅.md,docs/test-results/goals/G3L-002_inherited_granted_security_helpers_unit_test_results.md,G3L-001,inherited 헬퍼 테스트 통과,높음
G3Z-001,Phase 3 - 공통 룰/효과 인프라 포팅,단계 완료 게이트,Phase 3 aggregate result,Phase 3 전체 결과 집계,Phase 3 결과 문서,Phase 3 Goal 결과 문서 링크와 전체 테스트 통과 확인,docs/goal-specs/G3Z-001_phase_3_aggregate_result.md,docs/test-results/goals/G3Z-001_phase3_aggregate_unit_test_results.md,G3L-002,Phase 4 착수 가능,높음
G4A-001,Phase 4 - 개별 카드 효과와 카드풀 포팅,카드풀,Card pool schema validation,대상 card pool 스키마 검증,card pool 스키마 검증,required field 테스트,docs/goal-specs/G4A-001_card_pool_schema_validation.md,docs/test-results/goals/G4A-001_card_pool_schema_validation_unit_test_results.md,G3Z-001,card pool 스키마 테스트 통과,높음
G4A-002,Phase 4 - 개별 카드 효과와 카드풀 포팅,카드풀,Effect binding coverage,card id별 effect binding 커버리지 검증,effect binding report,binding 커버리지 테스트,docs/goal-specs/G4A-002_effect_binding_coverage.md,docs/test-results/goals/G4A-002_effect_binding_coverage_unit_test_results.md,G4A-001,effect binding 커버리지 테스트 통과,높음
G4A-003,Phase 4 - 개별 카드 효과와 카드풀 포팅,카드풀,Missing behavior report,미구현 effect와 제외 사유 report 생성,missing behavior report,missing behavior report 테스트,docs/goal-specs/G4A-003_missing_behavior_report.md,docs/test-results/goals/G4A-003_missing_behavior_report_unit_test_results.md,G4A-002,missing behavior report 테스트 통과,높음
G4B-001,Phase 4 - 개별 카드 효과와 카드풀 포팅,키워드 효과,Blocker Jamming Reboot Piercing 포팅,기본 전투 키워드 구현,키워드 batch combat1,blocker jamming reboot piercing 테스트,docs/goal-specs/G4B-001_blocker_jamming_reboot_piercing_포팅.md,docs/test-results/goals/G4B-001_keyword_combat_batch1_unit_test_results.md,G4A-002,combat 키워드1 테스트 통과,높음
G4B-002,Phase 4 - 개별 카드 효과와 카드풀 포팅,키워드 효과,Rush Blitz Retaliation ArmorPurge 포팅,추가 전투 키워드 구현,키워드 batch combat2,rush blitz retaliation armor purge 테스트,docs/goal-specs/G4B-002_rush_blitz_retaliation_armorpurge_포팅.md,docs/test-results/goals/G4B-002_keyword_combat_batch2_unit_test_results.md,G4B-001,combat 키워드2 테스트 통과,높음
G4B-003,Phase 4 - 개별 카드 효과와 카드풀 포팅,키워드 효과,Barrier Decoy Save MaterialSave 포팅,보호와 save 키워드 구현,키워드 batch protection,barrier decoy save material save 테스트,docs/goal-specs/G4B-003_barrier_decoy_save_materialsave_포팅.md,docs/test-results/goals/G4B-003_keyword_protection_batch_unit_test_results.md,G4B-002,protection 키워드 테스트 통과,높음
G4B-004,Phase 4 - 개별 카드 효과와 카드풀 포팅,키워드 효과,Alliance Raid Collision Partition 포팅,공격 변형 키워드 구현,키워드 batch attack variants,alliance raid collision partition 테스트,docs/goal-specs/G4B-004_alliance_raid_collision_partition_포팅.md,docs/test-results/goals/G4B-004_keyword_attack_variant_batch_unit_test_results.md,G4B-003,attack variant 키워드 테스트 통과,높음
G4B-005,Phase 4 - 개별 카드 효과와 카드풀 포팅,키워드 효과,Overclock Decode Link 계열 포팅,신규 mechanic 키워드 구현,키워드 batch special,overclock decode link 테스트,docs/goal-specs/G4B-005_overclock_decode_link_계열_포팅.md,docs/test-results/goals/G4B-005_keyword_special_batch_unit_test_results.md,G4B-004,special 키워드 테스트 통과,높음
G4C-001,Phase 4 - 개별 카드 효과와 카드풀 포팅,트리거 효과,OnPlay OnDigivolve trigger 포팅,on play on digivolve 효과 구현,트리거 batch play digivolve,on play on digivolve 테스트,docs/goal-specs/G4C-001_onplay_ondigivolve_trigger_포팅.md,docs/test-results/goals/G4C-001_onplay_ondigivolve_triggers_unit_test_results.md,G4A-002,on play digivolve 테스트 통과,높음
G4C-002,Phase 4 - 개별 카드 효과와 카드풀 포팅,트리거 효과,WhenAttacking EndAttack trigger 포팅,공격 관련 트리거 구현,트리거 batch attack,when attacking end attack 테스트,docs/goal-specs/G4C-002_whenattacking_endattack_trigger_포팅.md,docs/test-results/goals/G4C-002_attack_triggers_unit_test_results.md,G4C-001,attack 트리거 테스트 통과,높음
G4C-003,Phase 4 - 개별 카드 효과와 카드풀 포팅,트리거 효과,Deletion Trash Move trigger 포팅,삭제 트래시 이동 트리거 구현,트리거 batch move delete,deletion trash move 테스트,docs/goal-specs/G4C-003_deletion_trash_move_trigger_포팅.md,docs/test-results/goals/G4C-003_delete_trash_move_triggers_unit_test_results.md,G4C-002,delete trash move 테스트 통과,높음
G4C-004,Phase 4 - 개별 카드 효과와 카드풀 포팅,트리거 효과,Security trigger 포팅,security effect와 security reveal 트리거 구현,security 트리거 batch,security effect 테스트,docs/goal-specs/G4C-004_security_trigger_포팅.md,docs/test-results/goals/G4C-004_security_triggers_unit_test_results.md,G4C-003,security 트리거 테스트 통과,높음
G4C-005,Phase 4 - 개별 카드 효과와 카드풀 포팅,트리거 효과,OptionUse Suspend Link trigger 포팅,option suspend link 관련 트리거 구현,트리거 batch option suspend link,option suspend link 테스트,docs/goal-specs/G4C-005_optionuse_suspend_link_trigger_포팅.md,docs/test-results/goals/G4C-005_option_suspend_link_triggers_unit_test_results.md,G4C-004,option suspend link 테스트 통과,높음
G4D-001,Phase 4 - 개별 카드 효과와 카드풀 포팅,수치/비용 변경,DP Cost SAttack modifiers 포팅,일반 수치/비용 변경 카드 효과 구현,generic 수치/비용 변경 batch,DP cost SAttack 테스트,docs/goal-specs/G4D-001_dp_cost_sattack_modifiers_포팅.md,docs/test-results/goals/G4D-001_dp_cost_sattack_modifiers_unit_test_results.md,G4C-005,generic 수치/비용 변경 테스트 통과,높음
G4D-002,Phase 4 - 개별 카드 효과와 카드풀 포팅,제한/불가 효과,Cannot and immunity effects 포팅,cannot 계열과 immunity 효과 구현,제한 immunity batch,cannot immunity 테스트,docs/goal-specs/G4D-002_cannot_and_immunity_effects_포팅.md,docs/test-results/goals/G4D-002_cannot_immunity_effects_unit_test_results.md,G4D-001,cannot immunity 테스트 통과,높음
G4D-003,Phase 4 - 개별 카드 효과와 카드풀 포팅,디지볼브 관련,Digivolution requirement effects 포팅,진화 조건 변경과 무시 효과 구현,digivolution requirement effects,digivolution requirement 테스트,docs/goal-specs/G4D-003_digivolution_requirement_effects_포팅.md,docs/test-results/goals/G4D-003_digivolution_requirement_effects_unit_test_results.md,G4D-002,digivolution requirement 테스트 통과,높음
G4D-004,Phase 4 - 개별 카드 효과와 카드풀 포팅,진화원 조작,Source add trash reveal effects 포팅,진화원 추가 제거 공개 효과 구현,source manipulation effects,source add trash reveal 테스트,docs/goal-specs/G4D-004_source_add_trash_reveal_effects_포팅.md,docs/test-results/goals/G4D-004_source_manipulation_effects_unit_test_results.md,G4D-003,source manipulation 테스트 통과,높음
G4E-001,Phase 4 - 개별 카드 효과와 카드풀 포팅,카드별 효과,AD1 card-specific batch 포팅,AD1 source directory card effect 구현,AD1 card effects,AD1 representative 테스트,docs/goal-specs/G4E-001_ad1_card_specific_batch_포팅.md,docs/test-results/goals/G4E-001_ad1_card_effect_batch_unit_test_results.md,G4D-004,AD1 batch 테스트 통과,높음
G4E-002,Phase 4 - 개별 카드 효과와 카드풀 포팅,카드별 효과,BT card-specific batch 포팅,BT 계열 card effect 구현,BT card effects,BT representative 테스트,docs/goal-specs/G4E-002_bt_card_specific_batch_포팅.md,docs/test-results/goals/G4E-002_bt_card_effect_batch_unit_test_results.md,G4E-001,BT batch 테스트 통과,높음
G4E-003,Phase 4 - 개별 카드 효과와 카드풀 포팅,카드별 효과,EX card-specific batch 포팅,EX 계열 card effect 구현,EX card effects,EX representative 테스트,docs/goal-specs/G4E-003_ex_card_specific_batch_포팅.md,docs/test-results/goals/G4E-003_ex_card_effect_batch_unit_test_results.md,G4E-002,EX batch 테스트 통과,높음
G4E-004,Phase 4 - 개별 카드 효과와 카드풀 포팅,카드별 효과,LM P ST card-specific batch 포팅,LM P ST 계열 card effect 구현,LM P ST card effects,LM P ST representative 테스트,docs/goal-specs/G4E-004_lm_p_st_card_specific_batch_포팅.md,docs/test-results/goals/G4E-004_lm_p_st_card_effect_batch_unit_test_results.md,G4E-003,LM P ST batch 테스트 통과,높음
G4E-005,Phase 4 - 개별 카드 효과와 카드풀 포팅,카드별 효과,Token and special cards batch 포팅,token과 특수 카드 effect 구현,token special card effects,token special 테스트,docs/goal-specs/G4E-005_token_and_special_cards_batch_포팅.md,docs/test-results/goals/G4E-005_token_special_card_effect_batch_unit_test_results.md,G4E-004,token special 테스트 통과,중간
G4F-001,Phase 4 - 개별 카드 효과와 카드풀 포팅,선택 처리 대체,Card effect choice integration,카드 효과 선택 통합,effect choice integration,optional target count order 테스트,docs/goal-specs/G4F-001_card_effect_choice_integration.md,docs/test-results/goals/G4F-001_card_effect_choice_integration_unit_test_results.md,G4E-005; G1E-005,card effect choice 테스트 통과,높음
G4F-002,Phase 4 - 개별 카드 효과와 카드풀 포팅,효과 순서,Card effect ordering integration,카드 효과 ordering 통합,effect ordering integration,mandatory optional ordering 테스트,docs/goal-specs/G4F-002_card_effect_ordering_integration.md,docs/test-results/goals/G4F-002_card_effect_ordering_integration_unit_test_results.md,G4F-001,effect ordering 테스트 통과,높음
G4G-001,Phase 4 - 개별 카드 효과와 카드풀 포팅,데이터-동작 연결,Card text to behavior audit,card data와 behavior binding audit,behavior audit report,text behavior mismatch 테스트,docs/goal-specs/G4G-001_card_text_to_behavior_audit.md,docs/test-results/goals/G4G-001_card_text_behavior_audit_unit_test_results.md,G4F-002,behavior audit 테스트 통과,중간
G4G-002,Phase 4 - 개별 카드 효과와 카드풀 포팅,커버리지,Card pool coverage threshold,대상 card pool 커버리지 기준 달성,커버리지 report,커버리지 threshold 테스트,docs/goal-specs/G4G-002_card_pool_coverage_threshold.md,docs/test-results/goals/G4G-002_card_pool_coverage_threshold_unit_test_results.md,G4G-001,커버리지 threshold 테스트 통과,높음
G4Z-001,Phase 4 - 개별 카드 효과와 카드풀 포팅,단계 완료 게이트,Phase 4 aggregate result,Phase 4 전체 결과 집계,Phase 4 결과 문서,Phase 4 Goal 결과 문서 링크와 전체 테스트 통과 확인,docs/goal-specs/G4Z-001_phase_4_aggregate_result.md,docs/test-results/goals/G4Z-001_phase4_aggregate_unit_test_results.md,G4G-002,Phase 5 착수 가능,높음
G5A-001,Phase 5 - AI/RL 어댑터,관측값,Observation schema 확정,structured observation 스키마 확정,ObservationSnapshot 스키마,스키마 version 테스트,docs/goal-specs/G5A-001_observation_schema_확정.md,docs/test-results/goals/G5A-001_observation_schema_unit_test_results.md,G4Z-001,observation 스키마 테스트 통과,중간
G5A-002,Phase 5 - AI/RL 어댑터,관측값,Hidden information masking,player별 hidden info masking 구현,visibility masking,hand deck security masking 테스트,docs/goal-specs/G5A-002_hidden_information_masking.md,docs/test-results/goals/G5A-002_hidden_information_masking_unit_test_results.md,G5A-001,hidden masking 테스트 통과,높음
G5A-003,Phase 5 - AI/RL 어댑터,관측값,Vector schema normalization,RL vector 스키마와 normalization 구현,RlVectorSchema,vector length normalization 테스트,docs/goal-specs/G5A-003_vector_schema_normalization.md,docs/test-results/goals/G5A-003_vector_schema_normalization_unit_test_results.md,G5A-002,vector 스키마 테스트 통과,중간
G5B-001,Phase 5 - AI/RL 어댑터,액션 인코딩,Legal action mask,legal action mask 생성 구현,ActionMask,mask legal illegal 테스트,docs/goal-specs/G5B-001_legal_action_mask.md,docs/test-results/goals/G5B-001_legal_action_mask_unit_test_results.md,G5A-003,action mask 테스트 통과,높음
G5B-002,Phase 5 - AI/RL 어댑터,액션 인코딩,Action encode decode,action id encode decode 구현,ActionEncoder,encode decode roundtrip 테스트,docs/goal-specs/G5B-002_action_encode_decode.md,docs/test-results/goals/G5B-002_action_encode_decode_unit_test_results.md,G5B-001,action encode decode 테스트 통과,높음
G5B-003,Phase 5 - AI/RL 어댑터,액션 인코딩,Invalid action handling,RL invalid action 처리 구현,invalid action 결과,invalid action penalty 테스트,docs/goal-specs/G5B-003_invalid_action_handling.md,docs/test-results/goals/G5B-003_invalid_action_handling_unit_test_results.md,G5B-002,invalid action 테스트 통과,중간
G5C-001,Phase 5 - AI/RL 어댑터,보상,Terminal reward,win loss draw terminal reward 구현,RlRewardCalculator,terminal reward 테스트,docs/goal-specs/G5C-001_terminal_reward.md,docs/test-results/goals/G5C-001_terminal_reward_unit_test_results.md,G5B-003,terminal reward 테스트 통과,중간
G5C-002,Phase 5 - AI/RL 어댑터,보상,Shaping reward config,선택형 shaping reward config 구현,reward config,shaping on off 테스트,docs/goal-specs/G5C-002_shaping_reward_config.md,docs/test-results/goals/G5C-002_shaping_reward_config_unit_test_results.md,G5C-001,shaping reward 테스트 통과,낮음
G5D-001,Phase 5 - AI/RL 어댑터,RL 환경,RL environment reset,environment reset 구현,HeadlessRlEnvironment reset,reset deterministic 테스트,docs/goal-specs/G5D-001_rl_environment_reset.md,docs/test-results/goals/G5D-001_rl_environment_reset_unit_test_results.md,G5C-002,RL reset 테스트 통과,높음
G5D-002,Phase 5 - AI/RL 어댑터,RL 환경,RL environment step,environment step 구현,HeadlessRlEnvironment step,step observation reward terminal 테스트,docs/goal-specs/G5D-002_rl_environment_step.md,docs/test-results/goals/G5D-002_rl_environment_step_unit_test_results.md,G5D-001,RL step 테스트 통과,높음
G5E-001,Phase 5 - AI/RL 어댑터,정책 실행,Scripted policy runner,scripted policy episode 실행 구현,Scripted policy runner,scripted episode 테스트,docs/goal-specs/G5E-001_scripted_policy_runner.md,docs/test-results/goals/G5E-001_scripted_policy_runner_unit_test_results.md,G5D-002,scripted policy 테스트 통과,중간
G5E-002,Phase 5 - AI/RL 어댑터,정책 실행,Self-play policy runner,self-play episode 실행 구현,Self-play runner,self-play deterministic 테스트,docs/goal-specs/G5E-002_self_play_policy_runner.md,docs/test-results/goals/G5E-002_self_play_policy_runner_unit_test_results.md,G5E-001,self-play 테스트 통과,중간
G5F-001,Phase 5 - AI/RL 어댑터,배치 실행,Batch episode runner,batch episode 실행 구현,EpisodeBatchRunner,batch 결과 테스트,docs/goal-specs/G5F-001_batch_episode_runner.md,docs/test-results/goals/G5F-001_batch_episode_runner_unit_test_results.md,G5E-002,batch runner 테스트 통과,중간
G5F-002,Phase 5 - AI/RL 어댑터,배치 실행,Parallel determinism verifier,parallel 실행 결정성 검증 구현,parallel verifier,parallel same seed 테스트,docs/goal-specs/G5F-002_parallel_determinism_verifier.md,docs/test-results/goals/G5F-002_parallel_determinism_verifier_unit_test_results.md,G5F-001,parallel determinism 테스트 통과,중간
G5G-001,Phase 5 - AI/RL 어댑터,학습 데이터셋,Transition dataset model,transition dataset 모델 구현,RlTransition dataset,transition 스키마 테스트,docs/goal-specs/G5G-001_transition_dataset_model.md,docs/test-results/goals/G5G-001_transition_dataset_model_unit_test_results.md,G5F-002,dataset 모델 테스트 통과,중간
G5G-002,Phase 5 - AI/RL 어댑터,학습 데이터셋,JSONL export validation,JSONL export와 검증 구현,Jsonl exporter validator,jsonl 스키마 테스트,docs/goal-specs/G5G-002_jsonl_export_validation.md,docs/test-results/goals/G5G-002_jsonl_export_validation_unit_test_results.md,G5G-001,JSONL export 테스트 통과,중간
G5Z-001,Phase 5 - AI/RL 어댑터,단계 완료 게이트,Phase 5 aggregate result,Phase 5 전체 결과 집계,Phase 5 결과 문서,Phase 5 Goal 결과 문서 링크와 전체 테스트 통과 확인,docs/goal-specs/G5Z-001_phase_5_aggregate_result.md,docs/test-results/goals/G5Z-001_phase5_aggregate_unit_test_results.md,G5G-002,Phase 6 착수 가능,중간
G6A-001,Phase 6 - Parity/Regression 검증,시나리오,Scenario data model,검증 scenario 모델 정의,Scenario 모델,scenario parse 테스트,docs/goal-specs/G6A-001_scenario_data_model.md,docs/test-results/goals/G6A-001_scenario_data_model_unit_test_results.md,G5Z-001,scenario 모델 테스트 통과,높음
G6A-002,Phase 6 - Parity/Regression 검증,시나리오,Scenario runner,scripted scenario 실행기 구현,ScenarioRunner,scenario execution 테스트,docs/goal-specs/G6A-002_scenario_runner.md,docs/test-results/goals/G6A-002_scenario_runner_unit_test_results.md,G6A-001,scenario runner 테스트 통과,높음
G6B-001,Phase 6 - Parity/Regression 검증,리플레이,Replay export import,replay export import 구현,ReplayRecorder ReplayRunner,replay roundtrip 테스트,docs/goal-specs/G6B-001_replay_export_import.md,docs/test-results/goals/G6B-001_replay_export_import_unit_test_results.md,G6A-002,replay export import 테스트 통과,높음
G6B-002,Phase 6 - Parity/Regression 검증,리플레이,Golden trace comparison,golden trace 비교 구현,GoldenTrace comparer,trace comparison 테스트,docs/goal-specs/G6B-002_golden_trace_comparison.md,docs/test-results/goals/G6B-002_golden_trace_comparison_unit_test_results.md,G6B-001,golden trace 테스트 통과,높음
G6B-003,Phase 6 - Parity/Regression 검증,리플레이,Deterministic fingerprint gate,deterministic fingerprint gate 구현,fingerprint gate,same replay same fingerprint 테스트,docs/goal-specs/G6B-003_deterministic_fingerprint_gate.md,docs/test-results/goals/G6B-003_deterministic_fingerprint_gate_unit_test_results.md,G6B-002,fingerprint gate 테스트 통과,높음
G6C-001,Phase 6 - Parity/Regression 검증,AS-IS 비교,AS-IS parity harness,AS-IS Unity scenario 비교 harness 구현,ParityHarness,curated scenario load 테스트,docs/goal-specs/G6C-001_as_is_parity_harness.md,docs/test-results/goals/G6C-001_asis_parity_harness_unit_test_results.md,G6B-003,AS-IS 비교 harness 테스트 통과,높음
G6C-002,Phase 6 - Parity/Regression 검증,AS-IS 비교,Setup parity scenarios,setup 초기 상태 AS-IS 비교 작성,setup AS-IS 비교 scenarios,setup AS-IS 비교 테스트,docs/goal-specs/G6C-002_setup_parity_scenarios.md,docs/test-results/goals/G6C-002_setup_parity_scenarios_unit_test_results.md,G6C-001,setup AS-IS 비교 테스트 통과,높음
G6C-003,Phase 6 - Parity/Regression 검증,AS-IS 비교,Phase memory parity scenarios,phase와 memory AS-IS 비교 작성,phase memory AS-IS 비교 scenarios,phase memory AS-IS 비교 테스트,docs/goal-specs/G6C-003_phase_memory_parity_scenarios.md,docs/test-results/goals/G6C-003_phase_memory_parity_scenarios_unit_test_results.md,G6C-002,phase memory AS-IS 비교 테스트 통과,높음
G6C-004,Phase 6 - Parity/Regression 검증,AS-IS 비교,Movement parity scenarios,zone movement AS-IS 비교 작성,movement AS-IS 비교 scenarios,movement AS-IS 비교 테스트,docs/goal-specs/G6C-004_movement_parity_scenarios.md,docs/test-results/goals/G6C-004_movement_parity_scenarios_unit_test_results.md,G6C-003,movement AS-IS 비교 테스트 통과,높음
G6C-005,Phase 6 - Parity/Regression 검증,AS-IS 비교,Main action parity scenarios,play digivolve option pass AS-IS 비교 작성,main action AS-IS 비교 scenarios,main action AS-IS 비교 테스트,docs/goal-specs/G6C-005_main_action_parity_scenarios.md,docs/test-results/goals/G6C-005_main_action_parity_scenarios_unit_test_results.md,G6C-004,main action AS-IS 비교 테스트 통과,높음
G6C-006,Phase 6 - Parity/Regression 검증,AS-IS 비교,Combat parity scenarios,attack block battle AS-IS 비교 작성,combat AS-IS 비교 scenarios,combat AS-IS 비교 테스트,docs/goal-specs/G6C-006_combat_parity_scenarios.md,docs/test-results/goals/G6C-006_combat_parity_scenarios_unit_test_results.md,G6C-005,combat AS-IS 비교 테스트 통과,높음
G6C-007,Phase 6 - Parity/Regression 검증,AS-IS 비교,Security parity scenarios,시큐리티 체크와 security effect AS-IS 비교 작성,security AS-IS 비교 scenarios,security AS-IS 비교 테스트,docs/goal-specs/G6C-007_security_parity_scenarios.md,docs/test-results/goals/G6C-007_security_parity_scenarios_unit_test_results.md,G6C-006,security AS-IS 비교 테스트 통과,높음
G6C-008,Phase 6 - Parity/Regression 검증,AS-IS 비교,Representative effect parity scenarios,대표 card effect AS-IS 비교 작성,effect AS-IS 비교 scenarios,effect AS-IS 비교 테스트,docs/goal-specs/G6C-008_representative_effect_parity_scenarios.md,docs/test-results/goals/G6C-008_representative_effect_parity_scenarios_unit_test_results.md,G6C-007,effect AS-IS 비교 테스트 통과,높음
G6D-001,Phase 6 - Parity/Regression 검증,커버리지,Card pool coverage report,card pool 구현 커버리지 report 작성,커버리지 report,커버리지 threshold 테스트,docs/goal-specs/G6D-001_card_pool_coverage_report.md,docs/test-results/goals/G6D-001_card_pool_coverage_report_unit_test_results.md,G6C-008,커버리지 report 테스트 통과,높음
G6D-002,Phase 6 - Parity/Regression 검증,회귀 테스트,Regression suite assembly,회귀 테스트 suite 범주 조립,RegressionSuite,suite category inclusion 테스트,docs/goal-specs/G6D-002_regression_suite_assembly.md,docs/test-results/goals/G6D-002_regression_suite_assembly_unit_test_results.md,G6D-001,회귀 테스트 suite 테스트 통과,높음
G6D-003,Phase 6 - Parity/Regression 검증,회귀 테스트,Regression result document,회귀 테스트 결과 문서 작성,회귀 테스트 결과 document,결과 document verification 테스트,docs/goal-specs/G6D-003_regression_result_document.md,docs/test-results/goals/G6D-003_regression_result_document_unit_test_results.md,G6D-002,회귀 테스트 결과 문서 통과,높음
G6E-001,Phase 6 - Parity/Regression 검증,성능 측정,Episode throughput benchmark,training scale episode throughput 측정,performance 성능 측정,episode throughput 결과 테스트,docs/goal-specs/G6E-001_episode_throughput_benchmark.md,docs/test-results/goals/G6E-001_episode_throughput_benchmark_results.md,G6D-003,performance 성능 측정 문서화,중간
G6Z-001,Phase 6 - Parity/Regression 검증,단계 완료 게이트,Final completion report,전체 completion gate 결과 작성,최종 완료 보고서,Phase 0~6 결과 document 링크 검증,docs/goal-specs/G6Z-001_final_completion_report.md,docs/test-results/goals/G6Z-001_final_completion_report.md,G6E-001,완성 판정 가능,높음
